:020000040800F2
:10000000483C002059020008FD660008E15B00083A
:10001000F9660008C9070008117C0008000000000C
:1000200000000000000000000000000071670008F0
:10003000F5090008000000006D670008C9670008A6
:1000400073020008730200087302000873020008BC
:1000500073020008730200087302000873020008AC
:10006000730200087302000873020008ED0700081D
:1000700073020008FD070008730200080D0800085D
:100080001D080008730200082D060008730200080E
:10009000CD070008DD07000873020008730200089E
:1000A000730200087302000873020008730200085C
:1000B000730200087302000873020008730200084C
:1000C000730200087302000873020008730200083C
:1000D0007302000873020008F17B00087302000835
:1000E000730200087302000873020008A168000888
:1000F00073020008CD680008BD6800082D080008DC
:1001000073020008730200087302000873020008FB
:1001100081720008917200087302000873020008DF
:10012000730200083D08000873020008730200080B
:1001300073020008730200087302000873020008CB
:1001400073020008730200087302000873020008BB
:10015000730200084D08000873020008017C0008C3
:10016000730200087302000873020008730200089B
:100170007302000873020008730200080000000008
:10018000730200087302000800F002F800F054F84F
:1001900014A696E8000CB244B344DA4501D100F04D
:1001A0004BF8BAE80F000FA696E83000A5EB04055F
:1001B00004EB0607AAEB0704A7F101074FEA1515A0
:1001C0004FEA3414A4F10104AC4201D300F034F836
:1001D00013F0010F18BFFB1A43F0010300F001F800
:1001E000DBE7184700ED000020ED0000103A24BFC7
:1001F00078C878C1FAD8520724BF30C830C144BF8C
:1002000004680C6070470000704700000023002461
:1002100000250026103A28BF78C1FBD8520728BF16
:1002200030C148BF0B6070471FB50DF0D0FE00F025
:100230001BF91FBD10B510BD00F084F91146FFF782
:10024000F3FF0CF0E7F800F0A2F903B4FFF7F2FFB8
:1002500003BC00F06DF900000948804709480047D9
:10026000FEE7FEE7FEE7FEE7FEE7FEE7FEE7FEE766
:10027000FEE7FEE704480549054A064B70470000C3
:100280008D6800088901000848360020483C00209D
:10029000483800204838002053EA020C00F06980FA
:1002A0002DE9F04B4FF00006002B1FBFB3FA83F58A
:1002B00003FA05F424FA05F65E4012BF1643B2FABB
:1002C00082F502FA05F4C5F120051EBF22FA05FCED
:1002D00044EA0C04203556EA044C4FEA144418BF93
:1002E000641C4FF000084FF00009904271EB030CC2
:1002F00039D3002919BFB1FA81F701FA07F6B0FA2C
:1003000080F700FA07F6C7F120071EBF20FA07FCA6
:1003100046EA0C062037B6FBF4FCA7EB0507103FB6
:1003200007F01F0BCBF120062CFA06F60CFA0BFB9C
:1003300044BFB3460026202FA4BF5E464FF0000BFB
:100340005BEA060C08BF4FF0010B19EB0B0948EBF9
:100350000608ABFB027C06FB02CC0BFB03CCC01BEC
:1003600071EB0C01C1E70B46024641464846BDE829
:10037000F08B13B5084318BF4FF0FF300146AFF3C1
:100380000080BDE81C407047032A40F2308010F026
:10039000030C00F0158011F8013BBCF1020F624420
:1003A00098BF11F801CB00F8013B38BF11F8013BB1
:1003B000A2F1040298BF00F801CB38BF00F8013B5E
:1003C00011F0030300F07180083AC0F0088051F882
:1003D000043B083A51F804CBA0E80810F5E7121DD9
:1003E0005CBF51F8043B40F8043BAFF30080D207F8
:1003F00024BF11F8013B11F801CB48BF11F8012BC4
:1004000024BF00F8013B00F801CB48BF00F8012BE6
:1004100070474FF0000200B51346944696462039C7
:1004200022BFA0E80C50A0E80C50B1F12001BFF4AD
:10043000F7AF090728BFA0E80C5048BF0CC05DF813
:1004400004EB890028BF40F8042B08BF704748BF61
:1004500020F8022B11F0804F18BF00F8012B7047D5
:10046000704770477047000008487CB5784400909A
:1004700007487844009C0546019004E02046016846
:1004800008448047241DAC42F8D17CBD94EA0000AA
:1004900096EA000010B500F03BF8006810BD10B5FA
:1004A000044600F035F8046010BD10B5203AC0F0E5
:1004B0000B80B1E81850A0E81850B1E81850A0E837
:1004C0001850203ABFF4F5AF5FEA027C24BFB1E8D0
:1004D0001850A0E8185044BF18C918C0BDE8104013
:1004E0005FEA827C24BF51F8043B40F8043B08BF1C
:1004F0007047D20728BF31F8023B48BF11F8012BE3
:1005000028BF20F8023B48BF00F8012B70470000CD
:10051000004870471800002010B5002000F040F897
:10052000FFF788FEBDE81040012000F001B8000090
:1005300001491820ABBEFEE72600020000487047C4
:10054000180000207546FFF7F9FFAE460500694622
:10055000534620F00700854618B020B5FFF78AFE05
:10056000BDE820404FF000064FF000074FF00008B4
:100570004FF0000BAC46ACE8C009ACE8C009ACE8F1
:10058000C009ACE8C00921F007018D46704710B5DD
:100590000446AFF300802046BDE81040FFF755BE8B
:1005A00010B500F00BF8BDE8104000F001B870473E
:1005B000002801D0FFF7BCBF7047000010B5002134
:1005C00002A000F013F8012010BD0000534947417C
:1005D0004252543A2041626E6F726D616C207465B4
:1005E000726D696E6174696F6E00000070B50546CA
:1005F0000C460A2000E06D1C00F011F835B1287897
:100600000028F8D102E0641C00F009F814B1207849
:100610000028F8D1BDE870400A20AFF3008008B58B
:1006200069468DF800000320ABBE08BD80B542F6D8
:100630009C60C2F2000000F03BFB80BD82B00190E4
:1006400042F20030C4F2010000900099486820F4A2
:1006500040304860019842680099486810434860FB
:1006600001980168486820F480704860019801682A
:100670000269486840EA02204860019801684868B9
:1006800020F0407048600198016882684868104313
:10069000486001980168886820F4006088600198CB
:1006A0000168C2688868104388600198806A0121E7
:1006B000C0F60071884219D0FFE701980168886888
:1006C00020F07060886001980168826A8868104331
:1006D000886001980168886820F04050886001981F
:1006E0000168C26A8868104388600CE0019801685C
:1006F000886820F07060886001980168886820F040
:1007000040508860FFE701980168886820F0020087
:1007100088600198027E0168886840EA420088602B
:10072000019890F82000C8B1FFE701980168486877
:1007300040F40060486001980168486820F4604017
:10074000486001980168426A4EF20000CFF6FF70DF
:1007500000EB423248681043486006E001980168A7
:10076000486820F400604860FFE701980168C86AA3
:1007700020F47000C86201980168C2690020CFF6B9
:10078000F07000EB0252C86A1043C8620198016819
:10079000886820F400708860019890F83020016823
:1007A000886840EA4220886001980168886820F4DF
:1007B00080608860019801684269886840EA822008
:1007C000886002B070470000FFE7FEE780B542F6A0
:1007D000E460C2F2000000F017FF80BD80B542F671
:1007E000E460C2F2000000F00FFF80BD80B542F669
:1007F000CC70C2F2000001F0C9FB80BD80B542F6AA
:100800000C70C2F2000001F0C1FB80BD80B542F661
:100810006C70C2F2000001F0B9FB80BD80B543F2FC
:100820008C00C2F2000001F0B1FB80BD80B543F244
:100830002C00C2F2000001F0A9FB80BD80B543F29C
:10084000EC00C2F2000001F0A1FB80BD80B543F2D4
:100850004C10C2F2000001F099FB80BD82B0019003
:100860000198007810384AF6AB21CAF6AA21A0FBFD
:1008700001100009009000994EF29010C0F600009F
:10088000405C0199C8650098042807D3FFE70199E7
:100890000868042262F30900886506E00199086887
:1008A00040F2FF3290438865FFE70198806D02B007
:1008B0007047000086B0059000208DF81300059861
:1008C000806A03900598806910BBFFE70398029047
:1008D00003281BD80299DFE801F0020D02180598E1
:1008E00090F82F00C00720B1FFE701208DF813001A
:1008F000FFE70CE00598C06AB0F1C07F04D1FFE7C4
:1009000001208DF81300FFE701E000E0FFE745E07C
:1009100005988069B0F5005F25D1FFE70398019045
:1009200003281ED80199DFE801F002060211012018
:100930008DF8130016E0059890F82F00C00720B13D
:10094000FFE701208DF81300FFE70BE00598C06A70
:10095000B0F1C07F04D1FFE701208DF81300FFE75D
:1009600000E0FFE719E003980090032804D3FFE7B5
:100970000098032804D00EE001208DF813000BE04E
:10098000059890F82F00C00720B1FFE701208DF8EF
:100990001300FFE700E0FFE7FFE7FFE79DF8130024
:1009A00006B0704784B003900291019200930398BF
:1009B0000168086820F4802008600098039909689D
:1009C000486003988068402809D1FFE7019803999F
:1009D00009688860029803990968C86008E002986D
:1009E000039909688860019803990968C860FFE75E
:1009F00004B070477047000072B6FFE7FEE70000E2
:100A000081B0009001B0704785B003900291002042
:100A10000190FFE7039890F83C00012804D1FFE71C
:100A200002208DF81300F7E00399012081F83C00C3
:100A3000FFE7FFE7029800680A281CD3FFE7029847
:100A4000008800EB4000A0F11E01072000FA01F22F
:100A500003980168C8689043C8600299886809884B
:100A600001EB41011E3900FA01F203980168C868E0
:100A70001043C86018E00298008800EB400107208E
:100A800000FA01F20398016808699043086102992D
:100A90008868098801EB410100FA01F203980168B6
:100AA000086910430861FFE70298406806281BD8D0
:100AB000FFE70298406800EB8000411F1F2000FA0A
:100AC00001F203980168486B9043486302990888D3
:100AD000496801EB8101053900FA01F203980168C8
:100AE000486B104348633DE0029840680C281CD8CE
:100AF000FFE70298406800EB8000A0F123011F206F
:100B000000FA01F203980168086B904308630299A8
:100B10000888496801EB8101233900FA01F2039842
:100B20000168086B104308631BE00298406800EB03
:100B30008000A0F141011F2000FA01F20398016832
:100B4000C86A9043C86202990888496801EB81012C
:100B5000413900FA01F203980168C86A1043C8627B
:100B6000FFE7FFE742F20030C4F201000090039873
:100B7000006842F20001C4F2010188420BD1FFE794
:100B800002980068122806D1FFE70099486840F4EF
:100B900080004860FFE70398006842F20001C4F259
:100BA000010188422ED1FFE702980068102805D085
:100BB000FFE702980068112824D1FFE700994868F0
:100BC00040F40000486002980068102819D1FFE73F
:100BD00040F20400C2F2000000684DF68361C4F2E6
:100BE0001B31A0FB0110800C00EB80004000019045
:100BF000FFE7019820B1FFE7019801380190F8E77D
:100C0000FFE7FFE7FFE70399002081F83C00FFE7DB
:100C100000208DF81300FFE79DF8130005B0704722
:100C200080B584B0039047F2A400C3F67D700290B3
:100C300042F69C60C2F20000019000F031F80146DB
:100C400041F29050C2F200000180B0F9000000EEC5
:100C5000100AB8EEC00A9FED0D1A20EE010AB2EE9E
:100C6000061A20EE010A9FED0A1A20EE010A9FEDF6
:100C7000091A80EE010A40F25C10C2F2000008F08E
:100C80004FF9019800F0C8F904B080BD33335340E8
:100C9000A4707D3F0000804581B0009001B0704796
:100CA00081B0009000980068C06C01B070470000EF
:100CB00080B586B0059000200490039005980068E8
:100CC000006802900598006840680190029800F062
:100CD00002000490019800F020000390049800287E
:100CE0004AD0FFE70398002846D0FFE70598006C3C
:100CF000C006002806D4FFE70599086C40F4007090
:100D00000864FFE705980068806810F0405F2AD10A
:100D1000FFE70598007E30BBFFE705980068C06AD2
:100D200010F4700F07D0FFE7059800688068400551
:100D3000002818D4FFE705980168486820F02000D3
:100D400048600599086C20F4807008640598006C70
:100D5000C004002806D4FFE70599086C40F00100A4
:100D60000864FFE7FFE70598FFF75AFF0598016859
:100D70006FF012000860FFE7029800F00400049092
:100D8000019800F0800003900498002858D0FFE7F5
:100D90000398002854D0FFE70598006CC00600288F
:100DA00006D4FFE70599086C40F400500864FFE79B
:100DB00005980068806810F4401F38D1FFE7059857
:100DC0000068806B10F4401F07D0FFE705980068AB
:100DD0008068400500282AD4FFE70598006840682D
:100DE0004005002823D4FFE705980068806810F0CC
:100DF000405F1CD1FFE70598007EC0B9FFE705986A
:100E00000168486820F0800048600599086C20F46B
:100E1000805008640598006CC005002806D4FFE7E0
:100E20000599086C40F001000864FFE7FFE70598AA
:100E3000FFF7E6FD059801686FF00C000860FFE71A
:100E4000029800F001000490019800F04000039027
:100E50000498C0B1FFE70398A8B1FFE705980068C0
:100E60000068C00770B1FFE70599086C40F4803056
:100E70000864059800F07EF8059801686FF001009D
:100E80000860FFE7FFE7029800F020000490019857
:100E900000F0806003900498B0B1FFE7039898B128
:100EA000FFE70599486C40F0020048640598016826
:100EB0006FF02000009008600598FFF7EDFE0098A5
:100EC000059909680860FFE706B080BD80B584B069
:100ED000029000208DF80700029820B9FFE701205A
:100EE0008DF80F0042E00298806A0121C0F600717F
:100EF000884201D0FFE7FFE70298006C50B9FFE796
:100F0000029800F03BF8029900204864029981F8A9
:100F10003C00FFE70298006CC006002817D4FFE7EA
:100F20000298006C40F0020020F488500299086496
:100F30000298FFF783FB0299002048640298006C36
:100F400040F0010020F002000299086403E0012053
:100F50008DF80700FFE7FFE70299002081F83C00C9
:100F6000FFE79DF807008DF80F00FFE79DF80F00E1
:100F700004B080BD81B0009001B0704780B58AB0E8
:100F80000990002008900790069005900490099819
:100F9000006842F20001C4F2010188423AD1FFE741
:100FA000FFE70020039043F64400C4F2020001680A
:100FB00041F480710160006800F480700390039830
:100FC000FFE7FFE70020029043F63000C4F2020082
:100FD000016841F002010160006800F00200029027
:100FE0000298FFE701200490032005900020009064
:100FF000069040F20040C4F2020004A901F092FA07
:10100000009A12200190114601F0CCFE019801F0E7
:10101000BFFEFFE70AB080BD84B0029000200190BF
:10102000FFE7029890F83C00012804D1FFE7022076
:101030008DF80F00DCE00299012081F83C00FFE709
:10104000FFE7029800688068C007F0B9FFE70298E0
:101050000168886840F00100886040F20400C2F234
:10106000000000684DF68361C4F21B31A0FB011043
:10107000800C00EB40000190FFE7019820B1FFE7F2
:10108000019801380190F8E7FFE70298006880684E
:10109000C007002800F09D80FFE70298006C40F434
:1010A000807040F2016188430299086402980068E8
:1010B00040684005002809D5FFE70298006C40F41D
:1010C000805020F4005002990864FFE70298006CF9
:1010D000C004002806D5FFE70299486C20F00600FE
:1010E000486403E0029900204864FFE7FFE70299A3
:1010F000002081F83C00FFE742F20030C4F201001A
:101100000090029801686FF0220008600298016860
:1011100048682022C0F200421043486000984068AE
:10112000C006E8BBFFE70298006842F20001C4F283
:101130000101884224D0FFE70298006842F20011C2
:10114000C4F20101884208D1FFE742F20430C4F240
:1011500001000068C00698B1FFE70298006842F2FB
:101160000021C4F20101884219D1FFE742F20430A4
:10117000C4F20100006800F01F000F280FD8FFE73D
:1011800002980068806810F0405F07D1FFE702987E
:101190000168886840F080408860FFE7FFE717E05B
:1011A0000298006842F20001C4F2010188420ED1A7
:1011B000FFE702980068806810F0405F07D1FFE702
:1011C00002980168886840F080408860FFE7FFE788
:1011D0000AE00299086C40F0100008640299486C1B
:1011E00040F001004864FFE700208DF80F00FFE7A2
:1011F0009DF80F0004B0704784B0029001910298EE
:1012000090F820008DF803009DF80300012805D018
:10121000FFE79DF8030002280AD1FFE7019A029830
:10122000016848691043486100208DF80F0008E00C
:101230000299486A40F48020486201208DF80F002E
:10124000FFE79DF80F0004B07047000086B00490DF
:101250000391049890F820008DF803009DF8030096
:10126000012806D0FFE79DF80300022840F0B08077
:10127000FFE746F20040C4F2000001900199D1F866
:10128000000240F00100C1F800020199D1F800020B
:1012900020F47C50C1F800020398426A0199D1F809
:1012A000000240EA0220C1F800020398406900F001
:1012B0001F01012088400290029A0199D1F81C0276
:1012C0009043C1F81C020398C069F0B9FFE7029A85
:1012D0000199D1F80C029043C1F80C02039A90884E
:1012E000D168526940EA0140019901EBC201C1F89D
:1012F0004002039A10889168526940EA01400199BE
:1013000001EBC201C1F84402FFE70398C06901285C
:101310001ED1FFE7029A0199D1F80C021043C1F8DF
:101320000C02039A90881168526940EA01400199C1
:1013300001EBC201C1F84002039A90899168526999
:1013400040EA0140019901EBC201C1F84402FFE704
:101350000398806940B9FFE7029A0199D1F8040225
:101360009043C1F8040207E0029A0199D1F80402FF
:101370001043C1F80402FFE70398006940B9FFE792
:10138000029A0199D1F814029043C1F8140207E0BF
:10139000029A0199D1F814021043C1F81402FFE730
:1013A0000398006A012808D1FFE7029A0199D1F851
:1013B0001C021043C1F81C02FFE70199D1F800029A
:1013C00020F00100C1F8000200208DF8170008E0AD
:1013D0000499486A40F48020486201208DF8170083
:1013E000FFE79DF8170006B07047000081B000903D
:1013F00001B0704786B00490039102920193049863
:1014000090F820008DF803009DF80300012806D015
:10141000FFE79DF80300022840F0E880FFE703980B
:1014200080B9FFE704980068C068800748B9FFE703
:101430000499486A40F40010486201208DF81700B2
:10144000DDE00FE0049800680069800748B9FFE715
:101450000499486A40F40010486201208DF8170092
:10146000CDE0FFE704980068039900EB0110D0F885
:10147000B00100F00400029988600298806858B9B1
:10148000FFE704980068039900EB0110D0F8B00161
:10149000400D029908600AE004980068039900EB87
:1014A0000110D0F8B001C00802994860FFE7049825
:1014B0000068039900EB0110D0F8B00100F00200C1
:1014C0000299C86004980068039900EB0110D0F8F5
:1014D000B40100F00F00082804D3FFE702990820A8
:1014E00008610BE004980068039900EB0110D0F844
:1014F000B40100F00F0002990861FFE7049800684A
:10150000039900EB0110D0F8B40180B2000A0299EF
:10151000886104980068039900EB0110D0F8B401C9
:10152000000C0299486104980068039900EB0110CF
:10153000D0F8B8010199087004980068039900EB8D
:101540000110D0F8B801000A0199487004980068A9
:10155000039900EB0110D0F8B801000C01998870D4
:1015600004980068039900EB0110D0F8B801000E50
:101570000199C87004980068039900EB0110D0F835
:10158000BC010199087104980068039900EB0110EF
:10159000D0F8BC01000A01994871049800680399C9
:1015A00000EB0110D0F8BC01000C0199887104987F
:1015B0000068039900EB0110D0F8BC01000E0199FE
:1015C000C871039838B9FFE704980168C86840F00B
:1015D0002000C86006E004980168086940F0200017
:1015E0000861FFE700208DF8170008E00499486AB9
:1015F00040F48020486201208DF81700FFE79DF835
:10160000170006B07047000080B58AB0099000202E
:101610000890099800684069079009980068406838
:101620000690099800688068059009980068C0686D
:10163000049009980068006903900998006880691F
:1016400002909DF81C00C007002800F09480FFE77E
:101650009DF81400C00758B3FFE7099801680120FE
:1016600088609DF814008007002804D5FFE70998DA
:1016700000F0DCFB1BE09DF814004007002805D5B6
:10168000FFE7089840F4006008900FE09DF8140010
:101690000007002805D5FFE7089840F4805008901F
:1016A00003E0099800F0BEFBFFE7FFE7FFE7FFE775
:1016B0009DF81500C00760B3FFE7099801684FF473
:1016C000807088609DF815008007002804D5FFE72A
:1016D000099800F0B3FB1BE09DF8150040070028B7
:1016E00005D5FFE7089840F4005008900FE09DF8FA
:1016F00015000007002805D5FFE7089840F4804052
:10170000089003E0099800F095FBFFE7FFE7FFE78B
:10171000FFE79DF81600C00760B3FFE7099801686E
:101720004FF4803088609DF816008007002804D5AB
:10173000FFE7099800F08AFB1BE09DF816004007C0
:10174000002805D5FFE7089840F4004008900FE016
:101750009DF816000007002805D5FFE7089840F41B
:101760008030089003E0099800F06CFBFFE7FFE78A
:10177000FFE7FFE7FFE79DF81C000007002810D5F2
:10178000FFE79DF81000C006002809D5FFE708987C
:1017900040F400700890099801681020C860FFE7C5
:1017A000FFE79DF81C00400700280FD5FFE79DF8D4
:1017B00010000007002808D5FFE7099801680820F5
:1017C000C860099800F064FAFFE7FFE79DF81C0085
:1017D000800700280BD5FFE709980068C0688007DC
:1017E00020B1FFE7099800F057FAFFE7FFE79DF8FF
:1017F0001C004006002810D5FFE79DF80C00C0062D
:10180000002809D5FFE7089840F4806008900998FF
:10181000016810200861FFE7FFE79DF81C008006C3
:1018200000280FD5FFE79DF80C000007002808D519
:10183000FFE70998016808200861099800F068FA34
:10184000FFE7FFE79DF81C00C00600280BD5FFE767
:10185000099800680069800720B1FFE7099800F047
:101860005BFAFFE7FFE79DF81E00800700280FD511
:10187000FFE79DF81800C006002808D5FFE7099883
:10188000016810204860099800F082FAFFE7FFE73E
:101890009DF81E00C00778B1FFE79DF8180000070B
:1018A000002808D5FFE709980168082048600998D2
:1018B00000F0D0FAFFE7FFE79DF81D0000060028C2
:1018C00040F18D80FFE79DF818004007002840F1A7
:1018D0008180FFE79DF81D00C00750B1FFE79DF82C
:1018E0000800C00728B1FFE7089840F00100089001
:1018F000FFE79DF81D00800700280BD5FFE79DF846
:1019000008008007002805D5FFE7089840F002008E
:101910000890FFE79DF81D00400700280BD5FFE762
:101920009DF808004007002805D5FFE7089840F01B
:1019300004000890FFE79DF81D000007002848D527
:10194000FFE79DF8080010F0700F42D0FFE7029803
:1019500000F0700001460191102814D0FFE70198B3
:10196000202815D0FFE70198302816D0FFE701980E
:10197000402817D0FFE70198502818D0FFE70198BA
:10198000602819D01DE0089840F00800089019E080
:10199000089840F01000089014E0089840F02000EB
:1019A00008900FE0089840F0400008900AE008987E
:1019B00040F08000089005E0089840F4807008909E
:1019C00000E0FFE709980168886920F070008861ED
:1019D000FFE7FFE70998016804204860FFE70898DF
:1019E00048B1FFE7089A0999486A10434862099884
:1019F000FFF7FCFCFFE70AB080BD000080B584B0B3
:101A00000290029820B9FFE701208DF80F00E0E076
:101A1000029890F8200020B9FFE7029800F0DEF865
:101A2000FFE702980168086840F00100086000F0D4
:101A300085FF0190FFE7029800684068C007A8B9D9
:101A4000FFE700F07BFF0199401A0B280DD3FFE759
:101A50000299486A40F4003048620299052081F8F2
:101A6000200001208DF80F00B3E0E4E70298016840
:101A7000086820F00200086000F060FF0190FFE7B6
:101A80000298006840688007002815D5FFE700F03D
:101A900055FF0199401A0B280DD3FFE70299486AB8
:101AA00040F4003048620299052081F820000120AE
:101AB0008DF80F008DE0E3E70298007E012807D142
:101AC000FFE702980168086840F08000086006E0BF
:101AD00002980168086820F080000860FFE702981B
:101AE000407E012807D1FFE702980168086840F0AE
:101AF0004000086006E002980168086820F0400095
:101B00000860FFE70298807E012807D1FFE702986E
:101B10000168086840F02000086006E0029801684B
:101B2000086820F020000860FFE70298C07E0128C6
:101B300007D1FFE702980168086820F010000860EC
:101B400006E002980168086840F010000860FFE7AE
:101B50000298007F012807D1FFE702980168086812
:101B600040F00800086006E002980168086820F06C
:101B700008000860FFE70298407F012807D1FFE7CF
:101B800002980168086840F00400086006E00298C6
:101B90000168086820F004000860FFE7029B1968EC
:101BA0005A689868D3F80CC040EA0C00D3F810C00B
:101BB00040EA0C005B691843013A1043C86102997E
:101BC00000204862029A012182F820108DF80F004F
:101BD000FFE79DF80F0004B080BD000080B58CB019
:101BE0000B9000200A9009900890079006900B989F
:101BF000006846F20041C4F20001884246D1FFE786
:101C0000FFE70020059043F64000C4F2020001689F
:101C100041F000710160006800F0007005900598C7
:101C2000FFE7FFE70020049043F63000C4F2020013
:101C3000016841F008010160006800F008000490AC
:101C40000498FFE7032006900221079100210291EA
:101C50000891099009200A9040F60040C4F2020061
:101C600006A900F05FFC029A14200190114601F0D1
:101C700099F8019801F08CF8029A1520039011460A
:101C800001F090F8039801F083F8FFE70CB080BDF5
:101C900081B0009001B0704780B586B0059005987E
:101CA000006846F20041C4F20001884212D1FFE709
:101CB000059840F2B801C2F2000103910A1D049296
:101CC00001F120030021FFF795FB03990498896A2D
:101CD00088471BE00598006846F60001C4F2000141
:101CE000884212D1FFE7059840F2E401C2F20001F8
:101CF00001910A1D029201F120030021FFF77AFBF6
:101D000001990298896A8847FFE7FFE706B080BD1E
:101D100081B0009001B0704780B586B005900598FD
:101D2000006846F20041C4F20001884212D1FFE788
:101D3000059840F2B801C2F2000103910A1D049215
:101D400001F120030121FFF755FB03990498896AEB
:101D500088471BE00598006846F60001C4F20001C0
:101D6000884212D1FFE7059840F2E401C2F2000177
:101D700001910A1D029201F120030121FFF73AFBB4
:101D800001990298896A8847FFE7FFE706B080BD9E
:101D900081B0009001B0704780B584B00290029885
:101DA00090F8200001282FD1FFE70299022081F846
:101DB000200002980168086820F00100086000F027
:101DC000BDFD0190FFE7029800684068C007A8B118
:101DD000FFE700F0B3FD0199401A0B280DD3FFE790
:101DE0000299486A40F4003048620299052081F85F
:101DF000200001208DF80F000FE0E4E70299002099
:101E000048628DF80F0008E00299486A40F400200B
:101E1000486201208DF80F00FFE79DF80F0004B025
:101E200080BD000081B0009001B0704781B000908B
:101E300001B0704781B0009001B0704781B0009050
:101E400001B0704781B0009001B0704781B0009040
:101E500001B0704781B0009001B0704780B584B088
:101E600002900298806D019000F068FD0090029849
:101E700090F8350002280DD0FFE7029980204865D0
:101E8000FFE70299002081F83400FFE701208DF878
:101E90000F0055E002980168086820F016000860FD
:101EA00002980168486920F0800048610298006C3F
:101EB00020B9FFE70298806C38B1FFE7029801680B
:101EC000086820F008000860FFE7029801680868C9
:101ED00020F001000860FFE7029800680068C00772
:101EE000C8B1FFE700F02AFD0099401A062811D377
:101EF000FFE70299202048650299032081F8350008
:101F0000FFE70299002081F83400FFE703208DF8F5
:101F10000F0015E0E0E70298C16D3F20884001996D
:101F200088600299012081F83500FFE702990020BE
:101F300081F83400FFE7FFE700208DF80F00FFE78E
:101F40009DF80F0004B080BD82B00090009890F81A
:101F50003500022807D0FFE700998020486501205E
:101F60008DF807000EE00099052081F835000098F3
:101F70000168086820F001000860FFE700208DF884
:101F80000700FFE79DF8070002B0704780B586B0F4
:101F900005900020039040F20400C2F200000068A7
:101FA00048F2B511C1F64E31A0FB0110800A029033
:101FB0000598806D01900198006804900498059937
:101FC000C96DC840000700281AD5FFE705980068CA
:101FD00000684007002812D5FFE7059801680868E7
:101FE00020F0040008600598C16D08208840019920
:101FF00088600599486D40F001004865FFE7FFE7FC
:1020000004980599C96DC840C007A0B1FFE70598BD
:1020100000684069000600280CD5FFE70598C16DEF
:1020200001208840019988600599486D40F00200C0
:102030004865FFE7FFE704980599C96DC840400768
:10204000002814D5FFE7059800680068800700287D
:102050000CD5FFE70598C16D042088400199886080
:102060000599486D40F004004865FFE7FFE70498D4
:102070000599C96DC840C006002847D5FFE70598F7
:1020800000680068000700283FD5FFE70598C16D8C
:102090001020884001998860059800680068400316
:1020A00000281AD5FFE7059800680068000300289B
:1020B00009D4FFE70598006C20B1FFE70598016C93
:1020C0008847FFE708E00598806C20B1FFE7059896
:1020D000816C8847FFE7FFE716E005980068006815
:1020E000C005002807D4FFE705980168086820F0BC
:1020F00008000860FFE70598006C20B1FFE705982D
:10210000016C8847FFE7FFE7FFE7FFE704980599C1
:10211000C96DC8408006002840F18D80FFE7059812
:1021200000680068C006002840F18480FFE7059839
:10213000C16D2020884001998860059890F835008D
:10214000052834D1FFE705980168086820F01600DB
:10215000086005980168486920F08000486105988A
:10216000006C20B9FFE70598806C38B1FFE705984F
:102170000168086820F008000860FFE70598C16D55
:102180003F208840019988600599012081F8350039
:10219000FFE70599002081F83400FFE70598006DFE
:1021A00020B1FFE70598016D8847FFE77BE00598C0
:1021B00000680068400300281AD5FFE7059800680A
:1021C00000680003002809D4FFE70598406C20B19F
:1021D000FFE70598416C8847FFE708E00598C06B6A
:1021E00020B1FFE70598C16B8847FFE7FFE720E0D4
:1021F000059800680068C005002811D4FFE705981D
:102200000168086820F0100008600599012081F835
:102210003500FFE70599002081F83400FFE7FFE76C
:102220000598C06B20B1FFE70598C16B8847FFE7B1
:10223000FFE7FFE7FFE70598406DA0B3FFE70598CC
:10224000406DC00730B3FFE70599052081F83500E0
:1022500005980168086820F001000860FFE703980E
:10226000013003900299884201D9FFE707E0FFE7B8
:10227000059800680068C0070028F0D1FFE70599BD
:10228000012081F83500FFE70599002081F834002E
:10229000FFE7FFE70598C06C20B1FFE70598C16C28
:1022A0008847FFE7FFE706B080BD000080B586B035
:1022B00004900020039000F041FB0290049820B9A4
:1022C000FFE701208DF81700A3E00498406A08B1E9
:1022D000FFE7FFE70499022081F83500FFE7049942
:1022E000002081F83400FFE704980168086820F0B6
:1022F00001000860FFE7049800680068C00790B11B
:10230000FFE700F01BFB0299401A06280AD3FFE7FB
:102310000499202048650499032081F835008DF840
:10232000170076E0E7E704980068006803900398D8
:1023300048F23F01CFF21001084003900499009148
:102340004868D1F808C0CB680A6940EA0C00184315
:1023500010434A6910438A691043CA691043096AE5
:1023600001430398084303900498406A042808D165
:10237000FFE70499C86A096B014303980843039077
:10238000FFE70398049909680860049800684069A9
:102390000390039820F0070003900498416A039883
:1023A000084303900498406A04281AD1FFE7049870
:1023B000816A0398084303900498C06A80B1FFE7DC
:1023C0000498FEF777FA50B1FFE70499402048657A
:1023D0000499012081F835008DF8170019E0FFE716
:1023E000FFE703980499096848610498FEF736FAF4
:1023F00001900498C16D3F2088400199886004993C
:1024000000204865049A012182F835108DF81700E4
:10241000FFE79DF8170006B080BD000080B588B0CA
:10242000069005910492039300208DF80B00069806
:10243000806D0190FFE7069890F83400012804D1E0
:10244000FFE702208DF81F0045E00699012081F882
:102450003400FFE7FFE7069890F8350001282BD1FC
:10246000FFE70699022081F83500069900204865AB
:1024700006980599049A039BFEF794FA0698C16D95
:102480003F2088400199886006980168086840F0FC
:10249000160008600698006C38B1FFE706980168DE
:1024A000086840F008000860FFE7069801680868BF
:1024B00040F00100086009E0FFE70699002081F87C
:1024C0003400FFE702208DF80B00FFE79DF80B00BA
:1024D0008DF81F00FFE79DF81F0008B080BD0000C9
:1024E00080B584B0039000F029FA0290039801901F
:1024F0000198013048B1FFE740F20C00C2F2000041
:102500000178019808440190FFE7FFE700F016FA10
:102510000299401A0199884201D2FFE7F6E704B018
:1025200080BD00008EB00D900C9100200A900990A3
:1025300008900B90FFE70B980F2800F2CC81FFE783
:102540000B99012088400A900C9800680A9908406D
:10255000099009980A99884240F0B881FFE70C98E1
:10256000406800F00300012807D0FFE70C9840689E
:1025700000F0030002282FD1FFE70D988068089033
:102580000B984100032000FA01F108988843089055
:102590000C98C0680B99490000FA01F108980843AB
:1025A000089008980D9988600D98406808900B99DC
:1025B000012000FA01F10898884308900C984068BF
:1025C000C0F300100B9900FA01F108980843089035
:1025D00008980D994860FFE70C98406800F00300E8
:1025E000032818D0FFE70D98C06808900B984100A9
:1025F000032000FA01F10898884308900C9880683D
:102600000B99490000FA01F10898084308900898CE
:102610000D99C860FFE70C98406800F0030002289D
:1026200026D1FFE70D980B996FF0030202EA5101E2
:102630000844006A08900B9800F0070081000F2002
:1026400000FA01F10898884308900C9800690B99EA
:1026500001F00701890000FA01F108980843089089
:1026600008980D990B9B02EA530211440862FFE798
:102670000D98006808900B984100032000FA01F1C2
:102680000898884308900C98406800F003000B9964
:10269000490000FA01F108980843089008980D993C
:1026A00008600C9880798007002800F00E81FFE711
:1026B000FFE70020079043F64400C4F202000168DF
:1026C00041F480410160006800F480400790079861
:1026D000FFE70B9820F0030043F60801C4F2010164
:1026E000405808900B9800F0030081000F2000FA7A
:1026F00001F10898884308900D980021C4F2020166
:10270000884203D1FFE7002006905EE00D9840F27A
:102710000041C4F20201884203D1FFE70120059085
:1027200050E00D9840F60001C4F20201884203D146
:10273000FFE70220049042E00D9840F60041C4F209
:102740000201884203D1FFE70320039034E00D9893
:1027500041F20001C4F20201884203D1FFE70420E4
:10276000029026E00D9841F20041C4F20201884235
:1027700003D1FFE70520019018E00D9841F6000114
:10278000C4F20201884203D1FFE7062000900AE06C
:102790000D9941F60042C4F202020820914208BF9E
:1027A00007200090FFE700980190FFE70198029052
:1027B000FFE702980390FFE703980490FFE704986F
:1027C0000590FFE705980690FFE70698C0B20B99C1
:1027D00001F00301890000FA01F10898084308900C
:1027E00008980B9921F0030143F60802C4F2010294
:1027F000885043F60840C4F2010000680890099927
:102800000898884308900C988079C006002805D560
:10281000FFE70999089808430890FFE7089843F6EE
:102820000841C4F20101086043F60C40C4F2010003
:102830000068089009990898884308900C98807956
:102840008006002805D5FFE70999089808430890F5
:10285000FFE7089843F60C41C4F20101086043F613
:102860000440C4F201000068089009990898884360
:1028700008900C9880798007002805D5FFE7099912
:10288000089808430890FFE7089843F60441C4F20B
:102890000101086043F60040C4F20100006808909E
:1028A00009990898884308900C988079C00728B146
:1028B000FFE70999089808430890FFE7089843F64E
:1028C0000041C4F201010860FFE7FFE7FFE70B9852
:1028D00001300B902FE60EB07047000082B00190DF
:1028E000ADF8021001980069BDF80210084204D04A
:1028F000FFE701208DF8010003E000208DF80100C2
:10290000FFE79DF8010002B07047000082B001901F
:10291000ADF802108DF801209DF8010028B1FFE705
:10292000BDF802000199886105E0BDF802000004CD
:1029300001998861FFE702B07047000043F24060F0
:10294000C2F200000068704780B58EB00C900C9801
:1029500020B9FFE701208DF8370043E10C9890F88B
:102960003D0040B9FFE70C99002081F83C000C982D
:1029700000F03CF9FFE70C99242081F83D000C9809
:102980000168086820F0010008600C980168086878
:1029900040F4004008600C980168086820F400408A
:1029A000086000F059FB0A900C98406848F2A0615A
:1029B000C0F2010188420BD8FFE70A9948F2804231
:1029C000C0F21E020020914238BF012009900AE0A7
:1029D0000A9940F60012C0F23D020020914238BF31
:1029E00001200990FFE70998012804D1FFE70120A1
:1029F0008DF83700F6E00A984DF68361C4F21B317A
:102A0000A0FB0110800C0B900C980068406820F02F
:102A10003F000B9908430C99096848600C980068BE
:102A2000006A20F03F0008900C98406848F2A061CE
:102A3000C0F20101884204D8FFE70B9801300790EB
:102A40000EE00B984FF49671484344F6D351C1F20F
:102A50006201A0FB0101012000EB91100790FFE74C
:102A60000898079908430C99096808620C9800684F
:102A7000C0694CF6FF71884306900C98406848F294
:102A8000A061C0F2010188421FD8FFE70A9801380F
:102A90000C9949684900B0FBF1F001306FF31F3029
:102AA000032803D8FFE7042005900BE00A980138BB
:102AB0000C9949684900B0FBF1F001306FF31F3009
:102AC0000590FFE7059804904CE00C98806868B981
:102AD000FFE70A9801380C99496801EB4101B0FB06
:102AE000F1F001306FF31F3003900DE00A980138C8
:102AF0000C99496819225143B0FBF1F001300421CF
:102B000061F31F300390FFE70398000518B9FFE752
:102B10000120029023E00C98806868B9FFE70A98CA
:102B200001380C99496801EB4101B0FBF1F001302B
:102B30006FF31F3001900DE00A9801380C99496835
:102B400019225143B0FBF1F00130042161F31F3031
:102B50000190FFE7019840F400400290FFE70298DF
:102B60000490FFE70698049908430C990968C86126
:102B70000C980068006820F0C0000C9B1968DA69A6
:102B80001B6A1A43104308600C980068806848F27A
:102B9000FF3188430C9A1168D36812691A431043B5
:102BA00088600C980068C06820F0FF000C9B1968D2
:102BB0005A699B691A431043C8600C9801680868F9
:102BC00040F0010008600C99002008640C9A202154
:102BD00082F83D100C9908630C9981F83E008DF83D
:102BE0003700FFE79DF837000EB080BD80B588B094
:102BF000079000200690059004900390029007989B
:102C0000006845F60001C4F20001884235D1FFE7B3
:102C1000FFE70020019043F63000C4F20200016893
:102C200041F002010160006800F00200019001988B
:102C3000FFE74FF4406002901220039000200490C0
:102C4000032005900420069040F20040C4F20200E8
:102C500002A9FFF767FCFFE70020009043F6400061
:102C6000C4F20200016841F480010160006800F4D0
:102C7000800000900098FFE7FFE708B080BD0000EB
:102C800040F20C00C2F20000027843F24061C2F24E
:102C900000010868104408607047000080B543F6E2
:102CA0000041C4F20201086840F40070086008683E
:102CB00040F480600860086840F480700860032079
:102CC00000F08AF80F2000F005F800F03BF8002033
:102CD00080BD000080B582B0009040F20400C2F2D6
:102CE0000000006840F20C01C2F200010A784FF4C3
:102CF0007A71B1FBF2F1B0FBF1F000F0A5FD20B16B
:102D0000FFE701208DF8070018E000980F280DD884
:102D1000FFE700994FF0FF30002200F043F80098E1
:102D200040F21001C2F20001086003E001208DF8BA
:102D3000070003E000208DF80700FFE79DF807007B
:102D400002B080BD82B0FFE70020019043F644004E
:102D5000C4F20200016841F480410160006800F49F
:102D6000804001900198FFE7FFE70020009043F6C4
:102D70004000C4F20200016841F080510160006827
:102D800000F0805000900098FFE702B0704700000C
:102D900080B582B08DF807009DF9070009F0C4FAEC
:102DA00002B080BD80B586B08DF817000491039203
:102DB0000020029009F0D0FA02909DF917000190CE
:102DC00002980499039A03F09BFC0146019809F0CC
:102DD000CBFA06B080BD000080B582B001900198AA
:102DE00009F0E4FA02B080BD80B584B00290019190
:102DF000029820B9FFE701208DF80F0021E101982A
:102E000043F60041C4F20201096801F0070188425B
:102E100012D9FFE7019943F60040C4F202000170A5
:102E2000006800F007000199884204D0FFE7012004
:102E30008DF80F0005E1FFE7029800788007002871
:102E40002AD5FFE7029800784007002809D5FFE758
:102E500043F60801C4F20201086840F4E05008603B
:102E6000FFE7029800780007002809D5FFE743F63E
:102E70000801C4F20201086840F460400860FFE7FE
:102E800043F60801C4F20201086820F0F000029A3B
:102E9000926810430860FFE702980078C007002896
:102EA0006ED0FFE702984068012811D1FFE743F692
:102EB0000000C4F20200006800F400310020B0EB12
:102EC000514F04D1FFE701208DF80F00B9E02CE04D
:102ED00002984068022805D0FFE70298406803285E
:102EE00011D1FFE743F60000C4F20200006800F0D1
:102EF00000710020B0EB516F04D1FFE701208DF885
:102F00000F009EE010E043F60000C4F202000068EB
:102F100000F002010020B0EB510F04D1FFE70120C7
:102F20008DF80F008DE0FFE7FFE743F60801C4F2DC
:102F30000201086820F00300029A526810430860FA
:102F4000FFF7FCFC0090FFE743F60800C4F2020024
:102F5000006800F00C0002994968B0EB810F0ED0B8
:102F6000FFE7FFF7EBFC0099401A41F289318842F4
:102F700004D3FFE703208DF80F0062E0E4E7FFE7EA
:102F8000019843F60041C4F20201096801F007010B
:102F9000884212D2FFE7019943F60040C4F20200D2
:102FA0000170006800F007000199884204D0FFE733
:102FB00001208DF80F0044E0FFE7029800784007F9
:102FC00000280CD5FFE743F60801C4F202010868A7
:102FD00020F4E050029AD26810430860FFE702989C
:102FE0000078000700280DD5FFE743F60801C4F27A
:102FF0000201086820F46040029A126940EAC200A7
:103000000860FFE700F04CF843F60801C4F2020143
:103010000968C9B20A094EF27811C0F60001895C4C
:10302000C84040F20401C2F20001086040F2100002
:10303000C2F200000068FFF74DFE00208DF80F007F
:10304000FFE79DF80F0004B080BD000040F20400CF
:10305000C2F200000068704780B5FFF7F7FF43F643
:103060000801C4F202010968C1F382224EF28811FC
:10307000C0F60001895CC84080BD000080B5FFF744
:10308000E5FF43F60801C4F20201096889B24A0B60
:103090004EF28811C0F60001895CC84080BD000076
:1030A00080B586B00020059004900390029043F60E
:1030B0000800C4F20200006800F00C000146019113
:1030C00040B1FFE7019804280AD0FFE701980828DB
:1030D0000CD04FE042F20040C0F2F40002904FE00A
:1030E00041F20020C0F27A00029049E043F6040069
:1030F000C4F20200016801F03F010591006840023E
:10310000002813D5FFE743F60400C4F2020000686C
:10311000C0F3881041F20021C0F27A01A0FB010146
:10312000059A0023FDF7B8F8049012E043F6040076
:10313000C4F202000068C0F3881042F20041C0F2FD
:10314000F401A0FB0101059A0023FDF7A5F8049006
:10315000FFE743F60400C4F20200006800F44031C7
:10316000022000EBD130039004980399B0FBF1F0FA
:10317000029005E042F20040C0F2F4000290FFE746
:10318000029806B080BD000080B586B00490049817
:1031900020B9FFE701208DF8170050E3049800786C
:1031A000C007002800F0A580FFE743F60800C4F23E
:1031B0000200006800F00C00042813D0FFE743F67B
:1031C0000800C4F20200006800F00C0008281ED1BC
:1031D000FFE743F60400C4F2020000684002002842
:1031E00015D5FFE743F60000C4F20200006800F4C2
:1031F00000310020B0EB514F08D0FFE70498406841
:1032000020B9FFE701208DF8170018E370E0FFE711
:1032100004984068B0F5803F09D1FFE743F600010C
:10322000C4F20201086840F48030086020E004988D
:103230004068B0F5A02F0DD1FFE743F60001C4F2BE
:103240000201086840F480200860086840F480307B
:1032500008600CE043F60001C4F20201086820F4A3
:1032600080300860086820F480200860FFE7FFE7EE
:10327000FFE704984068E8B1FFE7FFF75FFB0390C2
:10328000FFE743F60000C4F20200006800F40031DA
:103290000020B0EB514F0CD1FFE7FFF74FFB039934
:1032A000401A652804D3FFE703208DF81700C6E213
:1032B000E7E71CE0FFF742FB0390FFE743F600005F
:1032C000C4F20200006800F400310020B0EB514F5E
:1032D0000CD0FFE7FFF732FB0399401A652804D3AF
:1032E000FFE703208DF81700A9E2E7E7FFE7FFE714
:1032F000FFE7049800788007002840F19680FFE7F8
:1033000043F60800C4F20200006810F00C0F13D05E
:10331000FFE743F60800C4F20200006800F00C006A
:1033200008282CD1FFE743F60400C4F2020000682D
:103330004002002823D4FFE743F60000C4F2020055
:10334000006800F002010020B0EB510F09D0FFE748
:103350000498C068012804D0FFE701208DF8170009
:103360006DE243F60001C4F20201086820F0F800A3
:10337000049A126940EAC2000860FFE754E004982A
:10338000C06870B3FFE70021C4F247210120086044
:10339000FFF7D4FA0390FFE743F60000C4F20200FF
:1033A000006800F002010020B0EB510F0CD1FFE7E4
:1033B000FFF7C4FA0399401A032804D3FFE7032058
:1033C0008DF817003BE2E7E743F60001C4F2020183
:1033D000086820F0F800049A126940EAC200086008
:1033E00021E00021C4F2472100200860FFF7A6FA7F
:1033F0000390FFE743F60000C4F20200006800F00B
:1034000002010020B0EB510F0CD0FFE7FFF796FA56
:103410000399401A032804D3FFE703208DF817000F
:103420000DE2E7E7FFE7FFE7FFE704980078000712
:1034300000284BD5FFE70498406918B3FFE740F632
:103440008061C4F2472101200860FFF777FA0390FA
:10345000FFE743F67400C4F20200006800F00201C6
:103460000020B0EB510F0CD1FFE7FFF767FA03998B
:10347000401A032804D3FFE703208DF81700DEE18C
:10348000E7E722E040F68061C4F2472100200860AF
:10349000FFF754FA0390FFE743F67400C4F202000A
:1034A000006800F002010020B0EB510F0CD0FFE7E4
:1034B000FFF744FA0399401A032804D3FFE70320D7
:1034C0008DF81700BBE1E7E7FFE7FFE70498007816
:1034D0004007002840F1CE80FFE700208DF807006C
:1034E00043F64000C4F202000068C000002815D472
:1034F000FFE7FFE70020009043F64000C4F202001F
:10350000016841F080510160006800F08050009037
:103510000098FFE701208DF80700FFE747F2000061
:10352000C4F200000068C005002822D4FFE747F27B
:103530000001C4F20001086840F480700860FFF7E1
:10354000FDF90390FFE747F20000C4F200000068B5
:10355000C00500280CD4FFE7FFF7F0F90399401AE3
:10356000032804D3FFE703208DF8170067E1EAE79B
:10357000FFE7FFE704988068012809D1FFE743F6D9
:103580007001C4F20201086840F0010008601FE009
:103590000498806805280DD1FFE743F67001C4F256
:1035A0000201086840F004000860086840F001006B
:1035B00008600CE043F67001C4F20201086820F0D4
:1035C00001000860086820F004000860FFE7FFE7DA
:1035D000FFE704988068F8B1FFE7FFF7AFF90390C1
:1035E000FFE743F67000C4F20200006800F0020139
:1035F0000020B0EB510F0ED1FFE7FFF79FF90399C1
:10360000401A41F28931884204D3FFE703208DF844
:10361000170014E1E5E71EE0FFF790F90390FFE7DC
:1036200043F67000C4F20200006800F002010020BE
:10363000B0EB510F0ED0FFE7FFF780F90399401A66
:1036400041F28931884204D3FFE703208DF8170047
:10365000F5E0E5E7FFE79DF80700012809D1FFE75E
:1036600043F64001C4F20201086820F0805008606F
:10367000FFE7FFE704988069002800F0DC80FFE79F
:1036800043F60800C4F20200006800F00C000828AD
:1036900000F08580FFE70498806902285CD1FFE78D
:1036A0006021C4F2472100200860FFF747F903902A
:1036B000FFE743F60000C4F20200006800F000716A
:1036C0000020B0EB516F0CD0FFE7FFF737F90399FB
:1036D000401A032804D3FFE703208DF81700AEE05B
:1036E000E7E70499C869D1F820C04B6A8A6A40EAC2
:1036F0000C0040EA8310D2034FF6FF739A43A2F501
:1037000080321043C96A40EA016043F60401C4F202
:10371000020108606021C4F2472101200860FFF720
:103720000DF90390FFE743F60000C4F202000068C1
:1037300000F000710020B0EB516F0CD1FFE7FFF7F4
:10374000FDF80399401A032804D3FFE703208DF8FE
:10375000170074E0E7E721E06021C4F24721002070
:103760000860FFF7EBF80390FFE743F60000C4F2B0
:103770000200006800F000710020B0EB516F0CD027
:10378000FFE7FFF7DBF80399401A032804D3FFE7AC
:1037900003208DF8170052E0E7E7FFE74AE00498BE
:1037A0008069012804D1FFE701208DF8170046E069
:1037B00043F60400C4F20200006802900498806995
:1037C000012831D0FFE7029800F480000499C9690C
:1037D000884229D1FFE7029800F03F000499096A66
:1037E000884221D1FFE7029847F6C071084004994A
:1037F000496AB0EB811F17D1FFE7029800F440300F
:103800000499896AC9034FF6FF729143A1F580318B
:10381000884209D1FFE7029800F070600499C96AF4
:10382000B0EB016F04D0FFE701208DF8170006E030
:10383000FFE7FFE7FFE700208DF81700FFE79DF89F
:10384000170006B080BD000080B582B001900198DD
:1038500002F090FF02B080BD81B0009001B07047CF
:1038600081B0009001B0704784B0029001910020B7
:103870000090FFE7029890F83C00012804D1FFE790
:1038800002208DF80F0044E00299012081F83C00ED
:10389000FFE7FFE7009820F0FF000199C96808439F
:1038A0000090009820F440700199896808430090C6
:1038B000009820F4806001994968084300900098BE
:1038C00020F400600199096808430090009820F4F2
:1038D00080500199096908430090009820F4005035
:1038E0000199496908430090009820F480400199AB
:1038F000C969084300900098029909684864FFE785
:103900000299002081F83C00FFE700208DF80F00AD
:10391000FFE79DF80F0004B07047000085B00390EA
:103920000291FFE7039890F83C00012804D1FFE7DB
:1039300002208DF813007EE00399012081F83C00FD
:10394000FFE7FFE70399022081F83D000398006834
:10395000406801900398006880680090019820F00A
:103960007000019002980168019808430190019845
:10397000039909684860039800680021C4F20101B6
:1039800088423CD0FFE703980068B0F1804F36D002
:10399000FFE70398006840F20041C4F2000188424A
:1039A0002DD0FFE70398006840F60001C4F2000143
:1039B000884224D0FFE70398006840F60041C4F233
:1039C000000188421BD0FFE70398006840F20041E5
:1039D000C4F20101884212D0FFE70398006844F264
:1039E0000001C4F20101884209D0FFE70398006892
:1039F00041F60001C4F2000188420ED1FFE70098B1
:103A000020F08000009002984168009808430090E0
:103A10000098039909688860FFE70399012081F8FD
:103A20003D00FFE70399002081F83C00FFE70020FC
:103A30008DF81300FFE79DF8130005B070470000F4
:103A400080B582B00090009820B9FFE701208DF882
:103A500007003FE0009890F83D0040B9FFE700996B
:103A6000002081F83C00009800F038F8FFE700994A
:103A7000022081F83D00009951F8040B02F034FF58
:103A80000099012081F84600FFE70099012081F8A4
:103A90003E00009981F83F00009981F840000099AC
:103AA00081F84100FFE7FFE70099012081F842001B
:103AB000009981F84300009981F84400009981F849
:103AC0004500FFE70099012081F83D0000208DF8B6
:103AD0000700FFE79DF8070002B080BD80B58EB0FB
:103AE0000D900D9800680021C4F20101884212D1A6
:103AF000FFE7FFE700200C9043F64400C4F2020009
:103B0000016841F001010160006800F001000C90C3
:103B10000C98FFE7D5E00D98006840F20041C4F230
:103B2000010188422ED1FFE7FFE700200B9043F60A
:103B30004400C4F20200016841F002010160006823
:103B400000F002000B900B98FFE72B200290002260
:103B500004921146FFF726F90298FFF719F9049A23
:103B60002D2003901146FFF71DF90398FFF710F978
:103B7000049A2E2005901146FFF714F90598FFF7D7
:103B800007F99DE00D98006844F20001C4F20101BC
:103B9000884212D1FFE7FFE700200A9043F6440075
:103BA000C4F20200016841F480310160006800F451
:103BB00080300A900A98FFE781E00D98006844F28F
:103BC0000041C4F20101884212D1FFE7FFE7002063
:103BD000099043F64400C4F20200016841F4003148
:103BE0000160006800F4003009900998FFE765E083
:103BF0000D98006844F60001C4F20101884212D118
:103C0000FFE7FFE70020089043F64400C4F20200FB
:103C1000016841F480210160006800F48020089070
:103C20000898FFE749E00D98006841F60001C4F2EA
:103C3000000188421BD1FFE7FFE70020079043F611
:103C40004000C4F20200016841F0400101600068D8
:103C500000F0400007900798FFE72B20019000221A
:103C60001146FFF79FF80198FFF792F824E00D98AE
:103C7000006842F20001C4F2000188421BD1FFE754
:103C8000FFE70020069043F64000C4F202000168FE
:103C900041F480710160006800F48070069006981D
:103CA000FFE72D20009000221146FFF77BF80098D7
:103CB000FFF76EF8FFE7FFE7FFE7FFE7FFE7FFE744
:103CC000FFE70EB080BD000083B00190019890F82E
:103CD0003D00012804D0FFE701208DF80B006AE0C9
:103CE0000199022081F83D0001980168C86840F000
:103CF0000100C860019800680021C4F201018842F7
:103D00003CD0FFE701980068B0F1804F36D0FFE764
:103D10000198006840F20041C4F2000188422DD0B1
:103D2000FFE70198006840F60001C4F200018842F4
:103D300024D0FFE70198006840F60041C4F200017A
:103D400088421BD0FFE70198006840F20041C4F2AE
:103D50000101884212D0FFE70198006844F2000197
:103D6000C4F20101884209D0FFE70198006841F6DA
:103D70000001C4F20001884212D1FFE701980068F7
:103D8000806800F0070000900098062807D0FFE741
:103D900001980168086840F001000860FFE706E04C
:103DA00001980168086840F001000860FFE7002002
:103DB0008DF80B00FFE79DF80B0003B07047000083
:103DC00080B586B00490039100208DF80B00FFE7CA
:103DD000049890F83C00012804D1FFE702208DF8F8
:103DE0001700ABE00499012081F83C00FFE7FFE7F2
:103DF0000499022081F83D000498006880680190D1
:103E0000019820F077000190019820F47F40019004
:103E10000198049909688860039800680090002858
:103E200072D0FFE7009810286ED0FFE70098202896
:103E30006AD0FFE70098302866D0FFE70098402856
:103E400055D0FFE70098502837D0FFE7009860284A
:103E500040D0FFE7009870280BD0FFE70098B0F53E
:103E6000805F05D0FFE70098B0F5005F16D052E004
:103E700055E004980068039B5A689968DB6802F073
:103E800021FE0498006880680190019840F0770056
:103E90000190019804990968886040E004980068DE
:103EA000039B5A689968DB6802F00CFE049801686D
:103EB000886840F48040886031E004980068039A84
:103EC0005168D26803F0F4F804980068502102F0B9
:103ED00013FE24E004980068039A5168D26803F046
:103EE0000FF904980068602102F006FE17E00498BC
:103EF0000068039A5168D26803F0DAF80498006801
:103F0000402102F0F9FD0AE004980068039909686D
:103F100002F0F2FD03E001208DF80B00FFE70499A9
:103F2000012081F83D00FFE70499002081F83C0062
:103F3000FFE79DF80B008DF81700FFE79DF81700CD
:103F400006B080BD80B586B004900391049820B976
:103F5000FFE701208DF8170088E0049890F83D00F5
:103F600040B9FFE70499002081F83C00049800F074
:103F700081F8FFE70499022081F83D000498016868
:103F8000886844F2070290438860049951F8040B52
:103F900002F0AAFC04980068806802900498006807
:103FA0008069019004980068006A00900398016895
:103FB000029808430290019840F20331884301902F
:103FC00003998868896940EA0121019808430190B2
:103FD000019840F60C418843019001984FF2F0019E
:103FE000884301900399C868C96940EA0121019892
:103FF0000843019003990869096A000140EA013108
:10400000019808430190009820F022000090009849
:1040100020F08800009003994868496940EA01113E
:1040200000980843009002980499096888600198F4
:1040300004990968886100980499096808620499DC
:10404000012081F84600049981F83E00049981F826
:104050003F00049981F84200049981F843000499D3
:1040600081F83D0000208DF81700FFE79DF817004C
:1040700006B080BD80B594B01390002012901190CE
:1040800010900F900E9013980068B0F1804F5AD1A5
:10409000FFE7FFE700200D9043F64000C4F2020066
:1040A000016841F001010160006800F001000D901D
:1040B0000D98FFE7FFE700200C9043F63000C4F2B4
:1040C0000200016841F001010160006800F0010098
:1040D0000C900C98FFE7FFE700200B9043F63000B0
:1040E000C4F20200016841F002010160006800F0C2
:1040F00002000B900B98FFE74FF400400E90022057
:1041000001900F90002002901090119001200390D8
:1041100012900020C4F202000EA90491FEF702FAE8
:10412000019B029A039804994FF0080CCDF838C00F
:104130000F9310921192129040F20040C4F20200CC
:10414000FEF7F0F9B2E01398006840F20041C4F2C3
:104150000001884232D1FFE7FFE700200A9043F6D2
:104160004000C4F20200016841F0020101600068F1
:1041700000F002000A900A98FFE7FFE7002009908C
:1041800043F63000C4F20200016841F00201016010
:10419000006800F0020009900998FFE730200E90B7
:1041A00002200F90002110911191129040F20040D6
:1041B000C4F202000EA9FEF7B5F976E01398006884
:1041C00040F60001C4F20001884232D1FFE7FFE768
:1041D0000020089043F64000C4F20200016841F05C
:1041E00004010160006800F0040008900898FFE7EF
:1041F000FFE70020079043F63000C4F20200016898
:1042000041F002010160006800F002000790079889
:10421000FFE7C0200E9002200F9000211091119115
:10422000129040F20040C4F202000EA9FEF77AF9A3
:104230003AE01398006840F60041C4F20001884259
:1042400031D1FFE7FFE70020069043F64000C4F2BB
:104250000200016841F008010160006800F00800F8
:1042600006900698FFE7FFE70020059043F6300030
:10427000C4F20200016841F001010160006800F031
:10428000010005900598FFE703200E9002200F9093
:1042900000211091119112900020C4F202000EA989
:1042A000FEF740F9FFE7FFE7FFE7FFE714B080BD47
:1042B00080B586B004900391049890F83E008DF884
:1042C0000B00049890F83F008DF80A00049890F8CD
:1042D00042008DF80900049890F843008DF808001A
:1042E0000398B8B9FFE79DF80B00012805D1FFE757
:1042F0009DF80900012804D0FFE701208DF8170080
:1043000079E00499022081F83E00049981F8420086
:10431000FFE742E00398042817D1FFE79DF80A0061
:10432000012805D1FFE79DF80800012804D0FFE728
:1043300001208DF817005EE00499022081F83F000B
:10434000049981F84300FFE726E09DF80B0001285F
:104350000FD1FFE79DF80A0001280AD1FFE79DF879
:104360000900012805D1FFE79DF80800012804D0C5
:10437000FFE701208DF817003DE00499022081F845
:104380003E00049981F83F00049981F842000499A5
:1043900081F84300FFE7FFE7FFE70398019020B1B2
:1043A000FFE70198042807D00DE004980068002179
:1043B000012202F06BFB14E0049800680421012242
:1043C00002F064FB0DE004980068002101220092D5
:1043D00002F05CFB009A04980068042102F056FB8E
:1043E000FFE704980168086840F0010008600020B9
:1043F0008DF81700FFE79DF8170006B080BD00009C
:1044000081B0009001B0704780B584B003900398EC
:104410000068C068029003980068006901909DF8E8
:1044200004008007002824D5FFE79DF808008007D6
:1044300000281DD5FFE7039801686FF002000861AE
:10444000039901200877039800688069800720B1EC
:10445000FFE70398FFF7D4FF06E0039800F0C8F9E0
:10446000039800F0BDFAFFE7039900200877FFE703
:10447000FFE79DF804004007002825D5FFE79DF8D9
:104480000800400700281ED5FFE7039801686FF079
:104490000400086103990220087703980068806986
:1044A00010F4407F04D0FFE70398FFF7A9FF06E070
:1044B000039800F09DF9039800F092FAFFE7039942
:1044C00000200877FFE7FFE79DF8040000070028B9
:1044D00024D5FFE79DF80800000700281DD5FFE759
:1044E000039801686FF008000861039904200877B9
:1044F00003980068C069800720B1FFE70398FFF7C1
:104500007FFF06E0039800F073F9039800F068FA63
:10451000FFE7039900200877FFE7FFE79DF8040015
:10452000C006002825D5FFE79DF80800C006002832
:104530001ED5FFE7039801686FF01000086103992A
:104540000820087703980068C06910F4407F04D001
:10455000FFE70398FFF754FF06E0039800F048F9DF
:10456000039800F03DFAFFE7039900200877FFE782
:10457000FFE79DF80400C00778B1FFE79DF8080049
:10458000C00748B1FFE7039801686FF001000861B8
:10459000039800F00FFBFFE7FFE79DF8040000061B
:1045A000002810D5FFE79DF808000006002809D56F
:1045B000FFE7039801686FF0800008610398FFF738
:1045C0004BF9FFE7FFE79DF804004006002810D5EF
:1045D000FFE79DF808004006002809D5FFE703988B
:1045E00001686FF040000861039800F0D1FBFFE71D
:1045F000FFE79DF804008006002810D5FFE79DF82E
:1046000008008006002809D5FFE7039801686FF0CD
:10461000200008610398FFF723F9FFE7FFE704B0E4
:1046200080BD000080B58CB00B9000200A900990EE
:104630000890079006900B9800680021C4F20101D1
:10464000884222D1FFE7FFE70020059043F63000C3
:10465000C4F20200016841F010010160006800F03E
:10466000100005900598FFE74FF4D4400690022112
:1046700007910120089009910A9041F20000C4F2CC
:10468000020006A9FDF74EFFB0E00B98006844F267
:104690000001C4F20101884222D1FFE7FFE70020B8
:1046A000049043F63000C4F20200016841F01001AA
:1046B0000160006800F0100004900498FFE760209B
:1046C00006900220079001210891099003200A908A
:1046D00041F20000C4F2020006A9FDF723FF84E0C6
:1046E0000B98006844F20041C4F20101884223D1D2
:1046F000FFE7FFE70020039043F63000C4F202001A
:10470000016841F002010160006800F002000390BE
:104710000398FFE74FF48070069002200790012174
:104720000891099003200A9040F20040C4F2020070
:1047300006A9FDF7F7FE57E00B98006844F6000164
:10474000C4F20101884223D1FFE7FFE70020029075
:1047500043F63000C4F20200016841F0020101603A
:10476000006800F0020002900298FFE74FF400702A
:1047700006900220079001210891099003200A90D9
:1047800040F20040C4F2020006A9FDF7CBFE2AE089
:104790000B98006842F20001C4F20001884221D166
:1047A000FFE7FFE70020019043F63000C4F202006B
:1047B000016841F001010160006800F00100019012
:1047C0000198FFE7802006900220079000200890C3
:1047D000099009200A900020C4F2020006A9FDF702
:1047E000A1FEFFE7FFE7FFE7FFE7FFE70CB080BDB3
:1047F00081B0009001B0704780B586B004900391FD
:10480000029200208DF80700FFE7049890F83C0022
:10481000012804D1FFE702208DF8170089E00499F0
:10482000012081F83C00FFE7FFE7029800900C2888
:1048300000F270800099DFE801F0076D6D6D206D6A
:104840006D6D3A6D6D6D530004980068039902F028
:1048500073FA04980168886940F008008861049838
:104860000168886920F0040088610398026904984F
:10487000016888691043886150E0049800680399D2
:1048800002F0D0FA04980168886940F400608861F9
:1048900004980168886920F480608861039802693F
:1048A00004980168886940EA0220886136E004982B
:1048B0000068039902F030FB04980168C86940F071
:1048C0000800C86104980168C86920F00400C86144
:1048D0000398026904980168C8691043C8611DE023
:1048E00004980068039902F091FB04980168C86974
:1048F00040F40060C86104980168C86920F48060D1
:10490000C8610398026904980168C86940EA0220F6
:10491000C86103E001208DF80700FFE7FFE7049975
:10492000002081F83C00FFE79DF807008DF8170094
:10493000FFE79DF8170006B080BD000080B582B08B
:104940000090009820B9FFE701208DF807003FE0B4
:10495000009890F83D0040B9FFE70099002081F8E9
:104960003C00009800F038F8FFE70099022081F839
:104970003D00009951F8040B01F0B6FF00990120A9
:1049800081F84600FFE70099012081F83E00009978
:1049900081F83F00009981F84000009981F84100BA
:1049A000FFE7FFE70099012081F84200009981F8B4
:1049B0004300009981F84400009981F84500FFE721
:1049C0000099012081F83D0000208DF80700FFE7E5
:1049D0009DF8070002B080BD81B0009001B0704723
:1049E00081B0009001B0704780B58CB00A900991F9
:1049F000099828B9FFE70A9890F83E0007901CE054
:104A00000998042805D1FFE70A9890F83F0006901E
:104A100010E00998082805D1FFE70A9890F84000AF
:104A2000059004E00A9890F841000590FFE705988A
:104A30000690FFE706980790FFE70798012804D043
:104A4000FFE701208DF82F00AFE0099828B9FFE7B4
:104A50000A99022081F83E001EE00998042806D138
:104A6000FFE70A99022081F83F00049012E00998BC
:104A7000082806D1FFE70A99022081F84000039038
:104A800005E00A99022081F841000390FFE70398AE
:104A90000490FFE70498FFE70A980068099901224B
:104AA000019201F0F3FF01980A9909680022C4F20B
:104AB0000102914202900CD0FFE70A9800684FF67D
:104AC0000041CBF6FE710844B0FA80F04009029034
:104AD000FFE70298C00738B1FFE70A980168486C01
:104AE00040F400404864FFE70A9800680021C4F2DF
:104AF000010188423CD0FFE70A980068B0F1804F7E
:104B000036D0FFE70A98006840F20041C4F2000185
:104B100088422DD0FFE70A98006840F60001C4F2F1
:104B20000001884224D0FFE70A98006840F600415F
:104B3000C4F2000188421BD0FFE70A98006840F2E7
:104B40000041C4F20101884212D0FFE70A980068D0
:104B500044F20001C4F20101884209D0FFE70A983B
:104B6000006841F60001C4F20001884212D1FFE75B
:104B70000A980068806800F00700089008980628E6
:104B800007D0FFE70A980168086840F00100086054
:104B9000FFE706E00A980168086840F00100086035
:104BA000FFE700208DF82F00FFE79DF82F000CB0E5
:104BB00080BD000080B582B001900198006800219E
:104BC000C4F20101884207D1FFE741F2BC50C2F2B2
:104BD000000040688047D9E001980068B0F1804F3C
:104BE00007D1FFE741F2C450C2F20000406880479D
:104BF000CBE00198006840F20041C4F20001884215
:104C000007D1FFE741F2CC50C2F200004068804774
:104C1000BAE00198006840F60001C4F20001884241
:104C200007D1FFE741F2D450C2F20000406880474C
:104C3000A9E00198006840F60041C4F200018842F2
:104C400007D1FFE741F2DC50C2F200004068804724
:104C500098E00198006841F20001C4F20001884226
:104C600007D1FFE741F2E450C2F2000040688047FC
:104C700087E00198006841F20041C4F200018842D7
:104C800007D1FFE741F2EC50C2F2000040688047D4
:104C900076E00198006840F20041C4F201018842C8
:104CA00007D1FFE741F2F450C2F2000040688047AC
:104CB00065E00198006844F20001C4F201018842F5
:104CC00007D1FFE741F2FC50C2F200004068804784
:104CD00054E00198006844F20041C4F201018842A6
:104CE00007D1FFE741F29450C2F2000040688047CC
:104CF00043E00198006844F60001C4F201018842D3
:104D000007D1FFE741F29C50C2F2000040688047A3
:104D100032E00198006841F60001C4F200018842C7
:104D200007D1FFE741F2A450C2F20000406880477B
:104D300021E00198006841F60041C4F20001884278
:104D400007D1FFE741F2AC50C2F200004068804753
:104D500010E00198006842F20001C4F200018842AC
:104D600007D1FFE741F2B450C2F20000406880472B
:104D7000FFE7FFE7FFE7FFE7FFE7FFE7FFE7FFE703
:104D8000FFE7FFE7FFE7FFE7FFE7FFE702B080BDD0
:104D900081B0009001B0704780B586B00490039157
:104DA000ADF80A20049890F84200202848D1FFE787
:104DB000039820B1FFE7BDF80A0020B9FFE7012002
:104DC0008DF8170040E00499012008630499002041
:104DD000486304980399BDF80A2002F027FE8DF875
:104DE00009000498006B012821D1FFE7FFE70020AC
:104DF0000190049800680068019004980068406879
:104E000001900198FFE7FFE7FFE70498006850E88A
:104E1000030F40F010000090FFE70099049802682B
:104E200042E803100028F0D1FFE7FFE703E001208C
:104E30008DF80900FFE79DF809008DF8170003E0E1
:104E400002208DF81700FFE79DF8170006B080BD1F
:104E500080B58EB00D90ADF832100D98006841F21B
:104E60000001C4F20101884219D1FFE7BDF83210F8
:104E700041F21060C2F200000A90A0F80814D0F8C5
:104E80000C24BDF8321000F501700B9090470A9A7F
:104E90000B990D98B2F80424FFF77EFFAEE00D9851
:104EA000006844F20041C4F20001884219D1FFE7D2
:104EB000BDF8321041F62020C2F200000890A0F8A0
:104EC0000814D0F80C24BDF8321000F501700990D8
:104ED0009047089A09990D98B2F80424FFF75CFFEF
:104EE0008BE00D98006844F60001C4F2000188428E
:104EF00019D1FFE7BDF8321041F63060C2F2000070
:104F00000690A0F80814D0F80C24BDF8321000F573
:104F1000017007909047069A07990D98B2F80424FB
:104F2000FFF73AFF68E00D98006844F60041C4F2CC
:104F30000001884219D1FFE7BDF8321042F240204B
:104F4000C2F200000490A0F80814D0F80C24BDF8B8
:104F5000321000F5017005909047049A05990D985C
:104F6000B2F80424FFF718FF45E00D98006845F2F9
:104F70000001C4F20001884219D1FFE7BDF83210E8
:104F800042F25060C2F200000290A0F80814D0F87B
:104F90000C24BDF8321000F5017003909047029A7E
:104FA00003990D98B2F80424FFF7F6FE22E00D985D
:104FB000006841F20041C4F20101884219D1FFE7C3
:104FC000BDF8321042F66020C2F200000090A0F856
:104FD0000814D0F80C24BDF8321000F501700190CF
:104FE0009047009A01990D98B2F80424FFF7D4FE77
:104FF000FFE7FFE7FFE7FFE7FFE7FFE70EB080BD52
:1050000080B584B003900020029003980068406946
:10501000C0B2C0090290039890F84100212823D122
:10502000FFE7029800B3FFE7FFE7FFE70398006898
:1050300050E8050F20F080000190FFE701990398E8
:10504000026842E805100028F0D1FFE7FFE7039867
:10505000806B28B1FFE70398806BFCF7FFFEFFE74A
:10506000039802F0A5FAFFE7039800684069C0F3CF
:1050700080100290039890F84200222823D1FFE785
:10508000029800B3FFE7FFE7FFE70398006850E8E6
:10509000050F20F040000090FFE700990398026898
:1050A00042E805100028F0D1FFE7FFE70398C06B46
:1050B00028B1FFE70398C06BFCF7D0FEFFE7039829
:1050C00002F018FAFFE7002004B080BD81B0009024
:1050D00001B0704780B592B01190119800680068D7
:1050E000109011980068C0680F901198006840698E
:1050F0000E9000200D900C90109800F00F000D9075
:105100000D9888B9FFE79DF84000800600280AD571
:10511000FFE79DF83C008006002804D5FFE71198C2
:1051200002F024FB02E2FFE70D98002800F0C280A5
:10513000FFE79DF83800C00738B9FFE7BDF83C002D
:1051400010F4907F00F0B680FFE79DF84000C007A4
:1051500058B1FFE79DF83D00C00730B1FFE7119956
:10516000486C40F001004864FFE79DF840004007AC
:1051700000280BD5FFE79DF83800C00730B1FFE7E6
:105180001199486C40F002004864FFE79DF8400028
:10519000800700280BD5FFE79DF83800C00730B125
:1051A000FFE71199486C40F004004864FFE79DF860
:1051B00040000007002811D5FFE79DF83C0080065D
:1051C000002805D4FFE79DF83800C00730B1FFE79D
:1051D0001199486C40F008004864FFE71198406C52
:1051E000002866D0FFE79DF84000800600280AD519
:1051F000FFE79DF83C008006002804D5FFE71198E2
:1052000002F0B4FAFFE7119800684069C0F380101B
:105210000C901198406C0007002804D4FFE70C980C
:1052200000283ED0FFE7119802F064F91198006859
:105230004069400600282FD5FFE7FFE7FFE71198F8
:10524000006850E8050F20F040000B90FFE70B9935
:105250001198026842E805100028F0D1FFE7FFE747
:105260001198C06B98B1FFE71198C16B47F2A1206C
:10527000C0F6000008651198C06BFCF765FE28B108
:10528000FFE71198C06B016D8847FFE703E01198B5
:10529000FFF71CFFFFE703E01198FFF717FFFFE799
:1052A00006E01198FFF712FF119900204864FFE70C
:1052B000FFE73BE11198006B012840F01781FFE701
:1052C0009DF84000C006002840F11081FFE79DF8DE
:1052D0003C00C006002840F10981FFE7FFE70020FD
:1052E0000A901198006800680A9011980068406858
:1052F0000A900A98FFE71198006840694006002864
:1053000040F19A80FFE71198C06B00684068ADF8E3
:105310002600BDF82600002875D0FFE7BDF826005E
:105320001199898D88426EDAFFE7BDF82600119940
:10533000C8851198C06BC069B0F5807F58D0FFE771
:10534000FFE7FFE71198006850E8030F20F4807032
:105350000890FFE708991198026842E803100028B6
:10536000F0D1FFE7FFE7FFE7FFE71198006850E89B
:10537000050F20F001000790FFE7079911980268D8
:1053800042E805100028F0D1FFE7FFE7FFE7FFE75D
:105390001198006850E8050F20F040000690FFE7E4
:1053A00006991198026842E805100028F0D1FFE73D
:1053B000FFE71199202081F842001199002008632D
:1053C000FFE7FFE71198006850E8030F20F0100096
:1053D0000590FFE705991198026842E8031000283C
:1053E000F0D1FFE7FFE71198C06BFCF737FDFFE74F
:1053F0001199022048631198818DC28D891A89B252
:10540000FFF726FD17E0BDF826001199898D884227
:1054100010D1FFE71198C06BC069B0F5807F08D14B
:10542000FFE71199022048631198818DFFF710FD65
:10543000FFE7FFE7FFE779E01199888DC98D401AF2
:10544000ADF812001198C08D00284ED0FFE7BDF8CE
:105450001200002849D0FFE7FFE7FFE71198006836
:1054600050E8030F20F490700390FFE70399119820
:10547000026842E803100028F0D1FFE7FFE7FFE7EA
:10548000FFE71198006850E8050F20F00100029036
:10549000FFE702991198026842E805100028F0D150
:1054A000FFE7FFE71199202081F8420011990020C1
:1054B0000863FFE7FFE71198006850E8030F20F04A
:1054C00010000190FFE701991198026842E803106B
:1054D0000028F0D1FFE7FFE71199022048631198F7
:1054E000BDF81210FFF7B4FCFFE71FE09DF8400085
:1054F000000600280AD5FFE79DF83C0000060028BA
:1055000004D5FFE7119802F029FB0FE09DF8400059
:10551000400600280AD5FFE79DF83C004006002819
:1055200004D5FFE7119802F02FF8FFE712B080BD15
:1055300080B582B00090009820B9FFE701208DF877
:10554000070040E00098806908B1FFE700E0FFE74E
:10555000009890F8410040B9FFE70099002081F8D9
:105560004000009800F034F8FFE70099242081F80B
:10557000410000980168C86820F40050C860009895
:1055800002F0B6F900980168086920F490400861BB
:1055900000980168486920F02A0048610098016875
:1055A000C86840F40050C860009900204864009A20
:1055B000202182F84110009A82F842100099486335
:1055C0008DF80700FFE79DF8070002B080BD0000DE
:1055D00080B5A2B02190002020901F901E901D90B9
:1055E0001C902198006844F60041C4F200018842F2
:1055F00040F09380FFE7FFE700201B9043F6400058
:10560000C4F20200016841F400210160006800F466
:1056100000201B901B98FFE7FFE700201A9043F63D
:105620003000C4F20200016841F00401016000682A
:1056300000F004001A901A98FFE74FF440601C90A5
:1056400002201D90002011901E9003201F90082022
:10565000209040F60000C4F202001CA9FCF762FF93
:10566000119942F60C70C2F20000129046F240020C
:10567000C4F2020202604FF0006242608160C160C9
:105680004FF48062026141618161C16101624162E6
:10569000FCF70CFE18B1FFE7FBF7AEF9FFE7FFE7F9
:1056A000219842F60C71C2F20001C163219888630F
:1056B000FFE742F66C70C2F20000109046F27001F3
:1056C000C4F2020101604FF000614160402181603D
:1056D0000021C1604FF48062026141618161C1615A
:1056E00001624162FCF7E2FD18B1FFE7FBF784F9C4
:1056F000FFE7FFE7219842F66C71C2F20001816377
:1057000021988863FFE734200F9000221146FDF7AF
:1057100049FB0F98FDF73CFBD2E12198006845F268
:105720000001C4F20001884240F0BD80FFE7FFE7BE
:105730000020199043F64000C4F20200016841F4D1
:1057400080110160006800F4801019901998FFE73B
:10575000FFE70020189043F63000C4F20200016811
:1057600041F004010160006800F0040018901898EE
:10577000FFE7FFE70020179043F63000C4F2020075
:10578000016841F008010160006800F0080017900E
:105790001798FFE74FF480501C90022009901D904D
:1057A00000200D901E9003200A901F9008200B905F
:1057B000209040F60000C4F202001CA90C91FCF7F6
:1057C000B1FEDDF824C00A9A0B980C990D9B4FF09E
:1057D000040ECDF870E0CDF874C01E931F92209097
:1057E00040F60040C4F20200FCF79CFE0D9942F620
:1057F000CC70C2F200000E9046F21002C4F2020217
:1058000002604FF0006242608160C1604FF48062CC
:10581000026141618161C16101624162FCF746FD43
:1058200018B1FFE7FBF7E8F8FFE7FFE7219842F63A
:10583000CC71C2F20001C16321988863FFE743F293
:105840002C00C2F20000089046F2B801C4F2020136
:1058500001604FF000614160402181600021C16022
:105860004FF48062026141618161C1610162416204
:10587000FCF71CFD18B1FFE7FBF7BEF8FFE7FFE7F9
:10588000219843F22C01C2F20001816321988863C0
:10589000FFE73520079000221146FDF783FA0798AD
:1058A000FDF776FA0BE12198006844F20041C4F25A
:1058B0000001884266D1FFE7FFE70020169043F61B
:1058C0004000C4F20200016841F400310160006848
:1058D00000F4003016901698FFE7FFE700201590BF
:1058E00043F63000C4F20200016841F0010101609A
:1058F000006800F0010015901598FFE70C201C903F
:1059000002201D90002005901E9003201F9007206C
:1059100020900020C4F202001CA9FCF703FE0599A8
:1059200043F28C00C2F20000069046F28802C4F2F4
:10593000020202604FF0006242608160C1604FF479
:105940008062026141618161C16101624162FCF773
:10595000ADFC18B1FFE7FBF74FF8FFE7FFE7219831
:1059600043F28C01C2F20001C16321988863FFE712
:105970002620049000221146FDF714FA0498FDF742
:1059800007FA9BE02198006841F20041C4F201014E
:10599000884240F09280FFE7FFE70020149043F632
:1059A0004400C4F20200016841F020010160006877
:1059B00000F0200014901498FFE7FFE700201390F8
:1059C00043F63000C4F20200016841F004010160B6
:1059D000006800F0040013901398FFE7C0201C90AB
:1059E00002201D90002002901E9003201F9008208E
:1059F000209040F60000C4F202001CA9FCF792FDC2
:105A0000029943F2EC00C2F20000039046F22842F1
:105A1000C4F2020202604FF0206242608160C16005
:105A20004FF48062026141618161C1610162416242
:105A3000FCF73CFC18B1FFE7FAF7DEFFFFE7FFE7F2
:105A4000219843F2EC01C2F20001C16321988863FE
:105A5000FFE743F24C10C2F20000019046F2A04171
:105A6000C4F2020101604FF0206141604021816079
:105A70000021C1604FF48062026141618161C161B6
:105A800001624162FCF712FC18B1FFE7FAF7B4FFBC
:105A9000FFE7FFE7219843F24C11C2F20001816356
:105AA00021988863FFE74720009000221146FDF708
:105AB00079F90098FDF76CF9FFE7FFE7FFE7FFE7EB
:105AC00022B080BD81B0009001B0704781B00090DD
:105AD00001B0704780B586B004900391ADF80A20FC
:105AE000049890F8410020286AD1FFE7039820B17C
:105AF000FFE7BDF80A0020B9FFE701208DF8170085
:105B000062E0039804990862BDF80A000499888449
:105B1000BDF80A000499C884049900204864049AD6
:105B2000212182F8411004998A6B47F26141C0F645
:105B30000001D16304998A6B47F2DD41C0F6000190
:105B4000116404998A6B47F2BD21C0F60001D1644B
:105B50000499896B086503A8019004980268806B1A
:105B6000019909680432BDF80A30FCF757FC58B1B6
:105B7000FFE70499102048640499202081F841002F
:105B800001208DF817001FE0049801686FF04000B5
:105B90000860FFE7FFE70498006850E8050F40F051
:105BA00080000090FFE700990498026842E8051021
:105BB0000028F0D1FFE7FFE700208DF8170003E091
:105BC00002208DF81700FFE79DF8170006B080BD92
:105BD00081B0009001B0704781B0009001B0704773
:105BE000FFE7FEE780B586B000220092059204929E
:105BF0000392029242F69C60C2F20000019042F2CF
:105C00000001C4F2010101604FF480314160826003
:105C100002610121017680F82020C2620123C0F6D2
:105C200000738362C260C16180F830204161FBF77C
:105C30004DF918B1FFE7FAF7DFFEFFE70820029001
:105C4000012003900020049042F69C60C2F2000004
:105C500002A9FAF7D9FE18B1FFE7FAF7CDFEFFE780
:105C600006B080BD80B582B042F6E460C2F20000AA
:105C7000019046F20041C4F200010160032141603D
:105C800000218160C1604FF4C02202614FF4A00284
:105C900042610176012242768276C17601774177B0
:105CA000FBF7ACFE18B1FFE7FAF7A6FEFFE702B07C
:105CB00080BD000080B58AB0FFE70020099043F660
:105CC0003000C4F20200016841F400110160006874
:105CD00000F4001009900998FFE7FFE70020089002
:105CE00043F63000C4F20200016841F48001016013
:105CF000006800F4800008900898FFE70B200090EF
:105D0000002206921146FDF74DF80098FDF740F885
:105D1000069A0D2001901146FDF744F80198FDF711
:105D200037F8069A0F2002901146FDF73BF80298CB
:105D3000FDF72EF8069A102003901146FDF732F871
:105D40000398FDF725F8069A2F2004901146FDF7D9
:105D500029F80498FDF71CF8069A39200590114699
:105D6000FDF720F80598FDF713F8069A45200790EF
:105D70001146FDF717F80798FDF70AF80AB080BD3D
:105D800080B592B00020119010900F900E900D9061
:105D9000FFE700200C9043F63000C4F202000168D7
:105DA00041F010010160006800F010000C900C98A8
:105DB000FFE7FFE700200B9043F63000C4F202003B
:105DC000016841F080010160006800F080000B90E4
:105DD0000B98FFE7FFE700200A9043F63000C4F27B
:105DE0000200016841F001010160006800F001005B
:105DF0000A900A98FFE7FFE70020099043F6300079
:105E0000C4F20200016841F002010160006800F084
:105E1000020009900998FFE7FFE70020089043F689
:105E20003000C4F20200016841F00801016000681E
:105E300000F0080008900898FFE7FFE700200790AF
:105E400043F63000C4F20200016841F00401016031
:105E5000006800F0040007900798FFE740F6004054
:105E6000C4F2020005904FF4F04100910022039229
:105E7000FCF74CFD0020C4F2020002904FF4807148
:105E8000019101220492FCF741FD009B0399049AC1
:105E900005980D930E920F9110910DA90691FCF7A4
:105EA00041FB019B0298049A06990D930E920F9262
:105EB00002221092FCF736FB039B049A0598069980
:105EC0004FF0080CCDF834C00E930F92FCF72AFB6C
:105ED00012B080BD80B582B043F2AC10C2F20000B7
:105EE000019045F60001C4F20001016048F2A06192
:105EF000C0F20101416000218160C1604FF4804225
:105F0000026141618161C1610162FCF71DFD18B14F
:105F1000FFE7FAF771FDFFE702B080BD80B588B0FA
:105F2000002100910791069105910491039102913E
:105F3000019143F24820C2F2000044F20042C4F250
:105F4000010202604160816044F62062C26001612A
:105F500080218161FDF774FD18B1FFE7FAF74CFD70
:105F6000FFE743F24820C2F20000FEF7E7FC18B159
:105F7000FFE7FAF741FDFFE760200190002202925F
:105F80000392059243F24820C2F2000001A9FEF7F5
:105F900033FC18B1FFE7FAF72FFDFFE743F2482083
:105FA000C2F20000FEF73EFB08B080BD80B588B0AD
:105FB00000210091079106910591049103910291AE
:105FC000019143F29020C2F2000044F60002C4F2B4
:105FD000010202604160816044F62062C26001619A
:105FE00080218161FDF72CFD18B1FFE7FAF704FD70
:105FF000FFE743F29020C2F20000FEF79FFC18B1C9
:10600000FFE7FAF7F9FCFFE7602001900022029217
:106010000392059243F29020C2F2000001A9FEF71C
:10602000EBFB18B1FFE7FAF7E7FCFFE743F290203C
:10603000C2F20000FEF7F6FA08B080BD80B584B069
:106040000021039102910191009143F2D820C2F204
:10605000000041F60002C4F20002026053224260D6
:10606000816040F2E732C260016180218161FDF709
:10607000E7FC18B1FFE7FAF7BFFCFFE74FF48050E9
:10608000009043F2D820C2F200006946FDF798FE66
:1060900018B1FFE7FAF7B0FCFFE704B080BD0000DD
:1060A00080B588B000210091079106910591049177
:1060B00003910291019143F22030C2F2000042F2BA
:1060C0000002C4F20002026053224260816040F28A
:1060D000E732C260016180218161FDF7B1FC18B136
:1060E000FFE7FAF789FCFFE743F22030C2F2000035
:1060F000FEF724FC18B1FFE7FAF77EFCFFE760200B
:106100000190002202920392059243F22030C2F2E3
:10611000000001A9FEF770FB18B1FFE7FAF76CFC6D
:10612000FFE743F22030C2F20000FEF77BFA08B02E
:1061300080BD000080B598B00021019117911691A3
:106140001591149113911291119110910F910E913B
:106150000D910C910B910A9109910891079106916B
:1061600005910491039143F20020C2F200000290D5
:106170000022C4F2010202604160816044F62062A4
:10618000C2600161416180218161FDF759FC18B154
:10619000FFE7FAF731FCFFE74FF48050149043F229
:1061A0000020C2F2000014A9FDF70AFE18B1FFE7B3
:1061B000FAF722FCFFE743F20020C2F20000FEF7EC
:1061C000BDFB18B1FFE7FAF717FCFFE700201290BC
:1061D000139043F20020C2F2000012A9FDF79EFBCB
:1061E00018B1FFE7FAF708FCFFE760200B900022E8
:1061F0000C920D920E920F921092119243F2002087
:10620000C2F200000BA9FEF7F7FA18B1FFE7FAF7A0
:10621000F3FBFFE743F20020C2F200000BA90422C7
:10622000FEF7EAFA18B1FFE7FAF7E6FBFFE743F2F9
:106230000020C2F200000BA90822FEF7DDFA18B117
:10624000FFE7FAF7D9FBFFE743F20020C2F20000B4
:106250000BA90C22FEF7D0FA18B1FFE7FAF7CCFB36
:10626000FFE70020039004900590069007904FF4FC
:10627000005108910A9043F20020C2F2000003A9E5
:10628000FDF7F2FA18B1FFE7FAF7B6FBFFE743F2C2
:106290000020C2F20000FEF7C5F918B080BD000072
:1062A00080B58EB005A801902421FAF7B2F80199C3
:1062B000002202920492039243F26830C2F200007C
:1062C0004FF080430360426082604FF6FF73C3600B
:1062D00002618261032305930692012307930892CA
:1062E00009920A920B930C920D92FDF72BFE18B1B6
:1062F000FFE7FAF781FBFFE700200390049043F2E9
:106300006830C2F2000003A9FDF708FB18B1FFE7EF
:10631000FAF772FBFFE70EB080BD000080B58EB0CB
:1063200005A801902421FAF774F80199002202923D
:106330000492039243F2B030C2F2000040F20043F4
:10634000C4F200030360426082604FF6FF73C360D3
:106350000261826103230593069201230793089249
:1063600009920A920B930C920D92FDF7EBFD18B176
:10637000FFE7FAF741FBFFE700200390049043F2A8
:10638000B030C2F2000003A9FDF7C8FA18B1FFE768
:10639000FAF732FBFFE70EB080BD000080B58EB08B
:1063A00005A801902421FAF734F8019900220292FD
:1063B0000492039243F2F830C2F2000040F6000368
:1063C000C4F200030360426082604FF6FF73C36053
:1063D00002618261032305930692012307930892C9
:1063E00009920A920B930C920D92FDF7ABFD18B136
:1063F000FFE7FAF701FBFFE700200390049043F268
:10640000F830C2F2000003A9FDF788FA18B1FFE7DF
:10641000FAF7F2FAFFE70EB080BD000080B58EB04B
:1064200005A801902421F9F7F4FF019900220292B6
:106430000492039243F24040C2F2000040F600434F
:10644000C4F200030360426082604FF6FF73C360D2
:106450000261826103230593069201230793089248
:1064600009920A920B930C920D92FDF76BFD18B1F5
:10647000FFE7FAF7C1FAFFE700200390049043F228
:106480004040C2F2000003A9FDF748FA18B1FFE747
:10649000FAF7B2FAFFE70EB080BD000080B588B011
:1064A00000210091079106910591049103910291B9
:1064B00043F28840C2F20000019040F20042C4F270
:1064C00001020260A7224260816040F2E732C260AE
:1064D0000161416180218161FDF7B2FA18B1FFE7E6
:1064E000FAF78AFAFFE74FF48050049043F28840AD
:1064F000C2F2000004A9FDF763FC18B1FFE7FAF748
:106500007BFAFFE700200290039043F28840C2F23A
:10651000000002A9FDF702FA18B1FFE7FAF76CFADA
:10652000FFE708B080BD000080B58CB0002100916D
:106530000B910A9109910891079106910591049197
:1065400003910291019143F2D040C2F2000044F263
:106550000002C4F2010202604160816044F62062E0
:10656000C260016180218161FDF76AFA18B1FFE71D
:10657000FAF742FAFFE74FF48050089043F2D04018
:10658000C2F2000008A9FDF71BFC18B1FFE7FAF7FB
:1065900033FAFFE743F2D040C2F20000FEF7CEF933
:1065A00018B1FFE7FAF728FAFFE760200190002210
:1065B00002920392059243F2D040C2F2000001A978
:1065C000FEF71AF918B1FFE7FAF716FAFFE743F2F8
:1065D000D040C2F2000001A90422FEF70DF918B163
:1065E000FFE7FAF709FAFFE743F2D040C2F20000F2
:1065F000FEF718F80CB080BD80B582B043F2605051
:10660000C2F20000019044F60041C4F200010160B2
:106610004FF4E131416000218160C16001610C22D1
:1066200042618161C161FEF783FF18B1FFE7FAF7AC
:10663000E3F9FFE702B080BD80B582B043F2A85015
:10664000C2F20000019045F20001C4F200010160B5
:106650004FF4E131416000218160C16001610C2291
:1066600042618161C161FEF763FF18B1FFE7FAF78C
:10667000C3F9FFE702B080BD80B582B043F2185085
:10668000C2F20000019044F20041C4F20001016036
:106690004FF4E131416000218160C16001610C2251
:1066A00042618161C161FEF743FF18B1FFE7FAF76C
:1066B000A3F9FFE702B080BD80B582B043F2F0508D
:1066C000C2F20000019041F20041C4F201010160F8
:1066D0004FF46121416000218160C16001610C22A1
:1066E00042618161C161FEF723FF18B1FFE7FAF74C
:1066F00083F9FFE702B080BDFFE7FEE7FFE7FEE7B3
:1067000088B0079006910592079800F00700049062
:106710000498C0F10700052803D3FFE70420019087
:1067200004E00498C0F107000190FFE7019803908E
:1067300004980430062803D8FFE70020009003E007
:10674000049803380090FFE7009802900698039998
:10675000012202FA01F101390840029B9840059993
:106760009A40013A1140084308B070477047000052
:106770007047000080B582B0009000980138B0F1F9
:10678000807F03D3FFE70120019019E000980138D2
:106790004EF21401CEF2000108604FF0FF300F21DD
:1067A00005F0E2FD4EF21801CEF200010020086073
:1067B0004EF21002CEF20002072111600190FFE7B5
:1067C000019802B080BD000080B5FCF759FA80BD89
:1067D00080B594B008A83021F9F71BFE002007907F
:1067E0000690059004900390FFE70020029043F686
:1067F0004000C4F20200016841F08051016000686D
:1068000000F0805002900298FFE7FFE7002001901F
:1068100047F20000C4F20000016841F480410160C9
:10682000006800F4804001900198FFE70120089083
:106830004FF48030099002210E914FF480000F90A8
:1068400004201090A82211921291139008A8FCF72E
:106850009BFC18B1FFE7FAF7CFF8FFE70F20039092
:1068600002200490002005904FF4A05006904FF4B1
:106870008050079003A80521FCF7B6FA18B1FFE78E
:10688000FAF7BAF8FFE714B080BD00004EF6885161
:10689000CEF20001086840F4700008607047000004
:1068A00080B543F28840C2F20000FDF7ADFD43F22F
:1068B000D820C2F20000FDF7A7FD80BD80B543F2ED
:1068C0008840C2F20000FDF79FFD80BD80B543F215
:1068D0008840C2F20000FDF797FD43F22030C2F27B
:1068E0000000FDF791FD80BD83B0029001910298F8
:1068F0000068009002980021C4F20101884225D06E
:10690000FFE70298B0F1804F20D0FFE7029840F2F5
:106910000041C4F20001884218D0FFE7029840F617
:106920000001C4F20001884210D0FFE7029840F64F
:106930000041C4F20001884208D0FFE7029840F20B
:106940000041C4F2010188420AD1FFE7009820F01B
:106950007000009001984168009808430090FFE79C
:1069600002980021C4F20101884255D0FFE7029845
:10697000B0F1804F50D0FFE7029840F20041C4F2DE
:106980000001884248D0FFE7029840F60001C4F2B7
:106990000001884240D0FFE7029840F60041C4F26F
:1069A0000001884238D0FFE7029840F20041C4F26B
:1069B0000101884230D0FFE7029844F20001C4F29E
:1069C0000101884228D0FFE7029844F20041C4F256
:1069D0000101884220D0FFE7029844F60001C4F28A
:1069E0000101884218D0FFE7029841F60001C4F285
:1069F0000001884210D0FFE7029841F60041C4F23E
:106A00000001884208D0FFE7029842F20001C4F278
:106A1000000188420AD1FFE7009820F440700090FE
:106A20000198C168009808430090FFE7009820F0A3
:106A30008000019949690843009001988068029993
:106A4000C862019800680299886202980021C4F225
:106A50000101884208D0FFE7029840F20041C4F2E9
:106A60000101884205D1FFE7019800690299086396
:106A7000FFE70299086840F00400086002990120CD
:106A8000486100980299086003B0704784B0039091
:106A900002910192029800F01F01012088400090AD
:106AA000009A0399086A904308620198029901F0DC
:106AB0001F0100FA01F20399086A1043086204B04A
:106AC0007047000085B004900391029201930498EE
:106AD00080680090009820F47F400090039802990D
:106AE000019A41EA0221014300980843009000986E
:106AF0000499886005B0704783B0029001910298B4
:106B000080680090009820F0700000900198009933
:106B1000084340F00700009000980299886003B095
:106B20007047000082B00190009101980068002138
:106B3000C4F20101884209D1FFE7019841F2BC513A
:106B4000C2F20001086000984860F3E00198006814
:106B5000B0F1804F09D1FFE7019841F2C451C2F270
:106B60000001086000984860E3E00198006840F286
:106B70000041C4F20001884209D1FFE7019841F2C7
:106B8000CC51C2F20001086000984860D0E0019842
:106B9000006840F60001C4F20001884209D1FFE715
:106BA000019841F2D451C2F2000108600098486097
:106BB000BDE00198006840F60041C4F2000188423F
:106BC00009D1FFE7019841F2DC51C2F200010860EF
:106BD00000984860AAE00198006841F20001C4F200
:106BE0000001884209D1FFE7019841F2E451C2F265
:106BF000000108600098486097E00198006841F241
:106C00000041C4F20001884209D1FFE7019841F236
:106C1000EC51C2F2000108600098486084E00198DD
:106C2000006840F20041C4F20101884209D1FFE747
:106C3000019841F2F451C2F20001086000984860E6
:106C400071E00198006844F20001C4F20101884239
:106C500009D1FFE7019841F2FC51C2F2000108603E
:106C6000009848605EE00198006844F20041C4F278
:106C70000101884209D1FFE7019841F29451C2F223
:106C800000010860009848604BE00198006844F6F5
:106C90000001C4F20101884209D1FFE7019841F2E5
:106CA0009C51C2F2000108600098486038E00198E9
:106CB000006841F60001C4F20001884209D1FFE7F3
:106CC000019841F2A451C2F20001086000984860A6
:106CD00025E00198006841F60041C4F200018842B5
:106CE00009D1FFE7019841F2AC51C2F200010860FE
:106CF0000098486012E00198006842F20001C4F276
:106D00000001884209D1FFE7019841F2B451C2F273
:106D10000001086000984860FFE7FFE7FFE7FFE732
:106D2000FFE7FFE7FFE7FFE7FFE7FFE7FFE7FFE733
:106D3000FFE7FFE702B0704785B004900391049825
:106D4000006A01900499086A20F001000862049822
:106D500040680090049880690290029820F07000CA
:106D60000290029820F003000290039801680298B4
:106D700008430290019820F0020001900398816876
:106D800001980843019004980021C4F2010188424F
:106D900008D0FFE7049840F20041C4F201018842A4
:106DA0000ED1FFE7019820F0080001900398C16818
:106DB000019808430190019820F004000190FFE73A
:106DC00004980021C4F20101884208D0FFE704982A
:106DD00040F20041C4F20101884213D1FFE700985C
:106DE00020F480700090009820F4007000900398C8
:106DF000416900980843009003988169009808430E
:106E00000090FFE70098049948600298049988610F
:106E1000039840680499486301980499086205B092
:106E20007047000085B0049003910498006A0190B7
:106E30000499086A20F010000862049840680090E5
:106E4000049880690290029820F4E0400290029831
:106E500020F44070029003980168029840EA0120F3
:106E60000290019820F02000019003988168019819
:106E700040EA0110019004980021C4F20101884207
:106E800008D0FFE7049840F20041C4F201018842B3
:106E90000FD1FFE7019820F0800001900398C168AE
:106EA000019840EA01100190019820F04000019003
:106EB000FFE704980021C4F20101884208D0FFE7EF
:106EC000049840F20041C4F20101884215D1FFE765
:106ED000009820F480600090009820F400600090FA
:106EE00003984169009840EA810000900398816905
:106EF000009840EA81000090FFE7009804994860FC
:106F000002980499886103984068049988630198FD
:106F10000499086205B0704785B004900391049805
:106F2000006A01900499086A20F48070086204984D
:106F3000406800900498C0690290029820F07000A8
:106F40000290029820F003000290039801680298D2
:106F500008430290019820F4007001900398816822
:106F6000019840EA0120019004980021C4F2010137
:106F7000884208D0FFE7049840F20041C4F20101C2
:106F800088420FD1FFE7019820F400600190039838
:106F9000C168019840EA01200190019820F48060C6
:106FA0000190FFE704980021C4F20101884208D053
:106FB000FFE7049840F20041C4F20101884215D174
:106FC000FFE7009820F480500090009820F40050D3
:106FD000009003984169009840EA011000900398DE
:106FE0008169009840EA01100090FFE70098049939
:106FF000486002980499C861039840680499C8637E
:1070000001980499086205B07047000085B00490AB
:1070100003910498006A01900499086A20F4805052
:1070200008620498406800900498C0690290029831
:1070300020F4E0400290029820F4407002900398FF
:107040000168029840EA01200290019820F4005063
:10705000019003988168019840EA013001900498FA
:107060000021C4F20101884208D0FFE7049840F2F1
:107070000041C4F2010188420BD1FFE7009820F4DF
:107080008040009003984169009840EA8110009088
:10709000FFE700980499486002980499C861039832
:1070A00040680499086401980499086205B0704723
:1070B00085B00490039102920498006A00900499AC
:1070C000086A20F001000862049880690190019824
:1070D00020F0F00001900299019840EA011001901F
:1070E000009820F00A00009003990098084300904F
:1070F00001980499886100980499086205B0704766
:1071000085B00490039102920498006A009004995B
:10711000086A20F0100008620498806901900198C4
:1071200020F4704001900299019840EA01300190EA
:10713000009820F0A00000900399009840EA011008
:10714000009001980499886100980499086205B03C
:107150007047000080B586B0A82001F00FF842F615
:10716000E460C2F2000048F29101C0F6000100F0B4
:10717000B3FF43F22030C2F20000059047F63571AC
:10718000C0F60001FFF7CEFC43F2D820C2F20000A7
:1071900047F63171C0F60001FFF7C4FC43F26050BE
:1071A000C2F2000047F6A161C0F60001182200F00B
:1071B0001BFA43F2A850C2F2000047F6D961C0F6AC
:1071C00000011422009200F00FFA43F2F050C2F2D4
:1071D000000047F61171C0F60001402200F004FAE9
:1071E000009A43F21850C2F2000047F64561C0F61B
:1071F000000100F0F9F940F25C10C2F2000002F068
:1072000025FE0598FCF760FD43F24820C2F200001D
:1072100000210491FDF7E8FB049943F29020C2F2AB
:107220000000FDF7E1FB049943F2D040C2F20000F8
:107230000190FDF7D9FB019804210291FDF7D4FBE1
:10724000049943F20020C2F200000390FDF7CCFB4A
:1072500002990398FDF7C8FB03980821FDF7C4FBCA
:1072600003980C21FDF7C0FB04990598FDF7BCFBC2
:1072700042F69C60C2F20000F9F7CEFE06B080BD77
:1072800080B543F26050C2F20000FDF723FF80BDDD
:1072900080B543F2A850C2F20000FDF71BFF80BD8D
:1072A00080B582B001900198806B00900099002019
:1072B000C8850098FDF70AFF02B080BD80B584B094
:1072C0000390002002900398806B01900198006861
:1072D0004069C0B2C0090290019890F8410021288D
:1072E0000AD1FFE7029838B1FFE701990020C8846E
:1072F000019800F05DF9FFE7019800684069C0F36C
:1073000080100290019890F8420022280AD1FFE7ED
:10731000029838B1FFE701990020C885019800F074
:10732000E9F8FFE70199486C40F0100048640198C3
:10733000FDF7CCFE04B080BD80B586B00590059801
:10734000806B0490059800680068C00500285AD436
:10735000FFE704990020C885FFE7FFE7049800686D
:1073600050E8030F20F480700390FFE7039904981E
:10737000026842E803100028F0D1FFE7FFE7FFE7CB
:10738000FFE70498006850E8050F20F00100029024
:10739000FFE702990498026842E805100028F0D13E
:1073A000FFE7FFE7FFE7FFE70498006850E8050FF5
:1073B00020F040000190FFE701990498026842E83C
:1073C00005100028F0D1FFE7FFE70499202081F89D
:1073D00042000498006B012814D1FFE7FFE7FFE7A4
:1073E0000498006850E8030F20F010000090FFE7B9
:1073F00000990498026842E803100028F0D1FFE7E2
:10740000FFE7FFE7FFE70499002048630498006B5B
:10741000012805D1FFE70498818DFDF719FD03E0F0
:107420000498FEF74FFBFFE706B080BD80B582B041
:1074300001900198806B00900099012048630098AA
:10744000006B012806D1FFE70098818D4908FDF700
:10745000FFFC03E00098FEF739FBFFE702B080BDB8
:1074600080B584B003900398806B02900398006805
:107470000068C00500282AD4FFE702990020C884CC
:10748000FFE7FFE70298006850E8050F20F0800052
:107490000190FFE701990298026842E80510002870
:1074A000F0D1FFE7FFE7FFE7FFE70298006850E849
:1074B000030F40F040000090FFE700990298026837
:1074C00042E803100028F0D1FFE7FFE703E002984D
:1074D000FEF77EFBFFE704B080BD000080B582B000
:1074E00001900198806B00900098FEF775FB02B048
:1074F00080BD000084B00390FFE7FFE703980068B9
:1075000050E8030F20F490700290FFE7029903986F
:10751000026842E803100028F0D1FFE7FFE7FFE729
:10752000FFE70398006850E8050F20F00100019084
:10753000FFE701990398026842E805100028F0D19E
:10754000FFE7FFE70398006B012814D1FFE7FFE78F
:10755000FFE70398006850E8030F20F01000009048
:10756000FFE700990398026842E803100028F0D171
:10757000FFE7FFE7FFE70399202081F84200039926
:107580000020086304B0704780B582B00190019874
:107590000168C86820F04000C8600199202081F887
:1075A00041000198FEF714FB002002B080BD0000EE
:1075B00082B00190FFE7FFE70198006850E8030FF1
:1075C00020F0C0000090FFE700990198026842E8AF
:1075D00003100028F0D1FFE7FFE70199202081F890
:1075E000410002B07047000080B584B00390029162
:1075F000ADF806200398006841F20001C4F20101D1
:10760000884215D1FFE7039841F21061C2F20001F0
:1076100008600298C1F80C04BDF80600A1F8040443
:107620000398B1F8042401F50171FDF7B5FB9AE068
:107630000398006844F20041C4F20001884215D169
:10764000FFE7039841F62021C2F20001086002988A
:10765000C1F80C04BDF80600A1F804040398B1F8C1
:10766000042401F50171FDF797FB7BE003980068A6
:1076700044F60001C4F20001884215D1FFE70398E7
:1076800041F63061C2F2000108600298C1F80C04B2
:10769000BDF80600A1F804040398B1F8042401F52C
:1076A0000171FDF779FB5CE00398006844F6004146
:1076B000C4F20001884215D1FFE7039842F240214D
:1076C000C2F2000108600298C1F80C04BDF806007F
:1076D000A1F804040398B1F8042401F50171FDF741
:1076E0005BFB3DE00398006845F20001C4F2000135
:1076F000884215D1FFE7039842F25061C2F20001BF
:1077000008600298C1F80C04BDF80600A1F8040452
:107710000398B1F8042401F50171FDF73DFB1EE06B
:107720000398006841F20041C4F20101884215D17A
:10773000FFE7039842F66021C2F200010860029858
:10774000C1F80C04BDF80600A1F804040398B1F8D0
:10775000042401F50171FDF71FFBFFE7FFE7FFE7D9
:10776000FFE7FFE7FFE704B080BD000080B586B00B
:107770000490002003900290049890F84200222880
:1077800040F0A080FFE704988068B0F5805F13D1D7
:10779000FFE70498006978B9FFE70498806A0290CF
:1077A0000498006840686FF35F200299088004998C
:1077B000886A0230886223E00498806A0390049803
:1077C0008068B0F5805F08D0FFE70498806850B902
:1077D000FFE70498006930B9FFE704980068406843
:1077E0000399087007E004980068406800F07F0083
:1077F00003990870FFE70499886A01308862FFE7FF
:107800000499C88D0138C8850004002856D1FFE7C7
:1078100004980168C86820F02000C86004980168D6
:10782000C86820F48070C86004980168486920F036
:10783000010048610499202081F842000499002049
:1078400048630498006B012830D1FFE704990020B9
:107850000863FFE7FFE70498006850E8030F20F093
:1078600010000190FFE701990498026842E80310B4
:107870000028F0D1FFE7FFE7049800680068C00621
:1078800000280ED5FFE7FFE700200090049800686D
:107890000068009004980068406800900098FFE736
:1078A000FFE70498818DFDF7D3FA03E00498FEF713
:1078B00009F9FFE700208DF8170007E000208DF898
:1078C000170003E002208DF81700FFE79DF817006E
:1078D00006B080BD80B584B003900291ADF806205B
:1078E00003980299BDF80620FEF7F4F804B080BDB5
:1078F00080B586B0059005980068006920F4405076
:10790000059A1168D26810430861059988680B6967
:107910004A69C969184310430843049005980068F0
:10792000C06849F20C6188430499084305990968C5
:10793000C86005980068406920F44070059A116895
:107940009269104348610598006841F20001C4F251
:107950000101884209D0FFE70598006841F2004123
:10796000C4F20101884204D1FFE7FBF787FB0390D3
:1079700003E0FBF771FB0390FFE70598C069B0F5E2
:10798000004F29D1FFE703981921A0FB0101059AB7
:107990001368029353685A00DB0FF8F77DFC0299D5
:1079A000864648F21F53C5F2EB13AEFB0320420993
:1079B00010014FF0640C02FB1CEC322202EBCC02F3
:1079C000A2FB0332F82303EA521300EB4300C2F395
:1079D00042121044886026E003981921A0FB01019F
:1079E000059A1368019353689A009B0FF8F754FCAB
:1079F0000199844648F21F52C5F2EB12ACFB0230EB
:107A00004309642003FB10CC322000EB0C10A0FBD8
:107A10000202F02000EA521000EB0310C2F34312FE
:107A200010448860FFE706B080BD000080B58AB0D2
:107A300008900791ADF81A20079808998862BDF858
:107A40001A0008998885089900204864089A22211C
:107A500082F842100899CA6B47F23931C0F600012A
:107A6000D1630899CA6B47F22D41C0F60001116439
:107A70000899CA6B47F2BD21C0F60001D16408998C
:107A8000C96B086507A8059008980168C06B0431A8
:107A9000059A1268BDF81A30FAF7C0FC58B1FFE732
:107AA0000899102048640899202081F8420001209C
:107AB0008DF827004EE0FFE700200490089800684A
:107AC0000068049008980068406804900498FFE7F4
:107AD00008980069A0B1FFE7FFE7FFE70898006892
:107AE00050E8030F40F480700390FFE70399089873
:107AF000026842E803100028F0D1FFE7FFE7FFE744
:107B0000FFE7FFE70898006850E8050F40F0010024
:107B10000290FFE702990898026842E805100028E1
:107B2000F0D1FFE7FFE7FFE7FFE70898006850E8BC
:107B3000050F40F040000190FFE7019908980268A6
:107B400042E805100028F0D1FFE7FFE700208DF89C
:107B50002700FFE79DF827000AB080BD83B00190A1
:107B6000019890F8410021283AD1FFE701988068F8
:107B7000B0F5805F13D1FFE70198006978B9FFE79E
:107B80000198006A0090009800886FF35F200199C7
:107B9000096848600199086A0230086208E0019AA1
:107BA000106A411C11620078019909684860FFE77A
:107BB0000199C88C0138C884000468B9FFE70198AE
:107BC0000168C86820F08000C86001980168C86832
:107BD00040F04000C860FFE700208DF80B0003E094
:107BE00002208DF80B00FFE79DF80B0003B07047F3
:107BF00080B543F21850C2F20000FDF76BFA80BD69
:107C000080B543F2F050C2F20000FDF763FA80BD88
:107C1000FFE7FEE780B504F0E7FB80BD80B504F028
:107C2000EFFB80BD80B588B08DF81F008DF81E1069
:107C30008DF81D208DF81C300020059004900390D5
:107C4000029006909DF81C10069840EA016006908C
:107C50009DF81D10069840EA014006909DF81E1000
:107C6000069840EA012006909DF81F1006980843E8
:107C700006900698C10F0120002918BF4FF0FF3071
:107C800004900698C10D6FF07E0050FA81F00390C9
:107C900006986FF3DF5000EE100AB8EE400A9FED31
:107CA0001A1A80EE010AB7EE001A30EE010A8DEDC5
:107CB000020A9DED040AB8EEC00A9DED021A20EEFC
:107CC000010A10EE100A06F011F941EC100B8DEDCF
:107CD000000B0399022004F0FDFAB0EE401AF0EE1A
:107CE000601A9DED000B53EC112B51EC100B05F0BD
:107CF00003FE41EC100B51EC100B05F061FB0590FD
:107D00009DED050A08B080BDFEFFFF4A80B584B036
:107D1000039041F20400CEF2000000680290029845
:107D200003990968401A00EE100AB8EE400A40F2C2
:107D30001010C2F2000090ED001AB8EE411A80EE69
:107D4000010A8DED010A02980399086000F0BAFA61
:107D50009DED010A04B080BD83B002908DED010A53
:107D6000CDED000A029890ED000A9DED011AB4EEE7
:107D7000410AF1EE10FA04DAFFE70198029908606F
:107D80000FE0029890ED000A9DED001AB4EE410A52
:107D9000F1EE10FA04DDFFE7009802990860FFE7B2
:107DA000FFE703B07047000084B003908DF80B101C
:107DB000039842F6E461C2F2000188423FD1FFE736
:107DC0009DF80B00013801460091072836D800992C
:107DD000DFE801F0040A10161C22282E40F2780079
:107DE000C2F20000019029E040F28000C2F20000DF
:107DF000019023E040F28800C2F2000001901DE0F3
:107E000040F29000C2F20000019017E040F29800AA
:107E1000C2F20000019011E040F2A000C2F20000A6
:107E200001900BE040F2A800C2F20000019005E0D2
:107E300040F2B000C2F200000190FFE7FFE70198B6
:107E400004B0704780B584B00390ADF80A10039871
:107E50000078AA2821D1FFE70398407855281CD143
:107E6000FFE70399487A019040F25C10C2F20000EB
:107E700000F61460092203F0C1FB01460198884214
:107E80000AD1FFE7039940F25C10C2F2000000F64D
:107E9000146003F089FBFFE7FFE704B080BD00003A
:107EA00080B582B00190ADF8021043F23860C2F2A2
:107EB0000000FFF72BFF41F28C50C2F2000080ED72
:107EC000000A019940F25C10C2F2000000F6646002
:107ED00002F0D8FC02B080BD80B582B00190ADF850
:107EE00002100198007805280FD1FFE7019840782B
:107EF0001C280AD1FFE7019940F25C10C2F2000091
:107F000000F6081002F0A8FFFFE702B080BD0000F5
:107F100080B582B00190ADF80210019940F25C107A
:107F2000C2F2000000F6245000F0F6FB02B080BD63
:107F30007047000080B584B040F25C10C2F20000CF
:107F400001F08EFC40F60040C4F202000821FAF76E
:107F5000C5FC012810D1FFE740F25C10C2F200001E
:107F6000029000F58C600121039102F01BFA029847
:107F7000039903F097FD1FE040F25C10C2F200008D
:107F8000019000F58C60012102F00CFA01980021AB
:107F900003F088FD019800F6146003F0EFFAC008C2
:107FA000C00740B1FFE740F25C10C2F200000121BF
:107FB00003F078FDFFE7FFE740F20800C2F200009F
:107FC00090ED000A9FED091A20EE010AB1EE041AA5
:107FD00080EE010ABDEEC00A10EE100A43F2203115
:107FE000C2F200010968486304B080BD00007A4411
:107FF00080B58EB00D908DF833100B920A939DF8DA
:108000003300C0080590002006909DF833008007DB
:10801000002818D5FFE7012007900B98C0F34F30D8
:1080200000900B98C0009DF8331001F0030140EA66
:10803000410001900A98C0F34F3002900A98C000A6
:108040000630039011E00020079000900B99490141
:108050009DF8332002F0020241EA021101910290E0
:108060000A98400110300390FFE79DF83300C0F3F9
:10807000800004900E200990012008900D98694618
:10808000F9F7E4F808B1FFE7FFE70EB080BD0000A4
:1080900080B582B0019001980068B0F5A17F0CD145
:1080A000FFE7019800F11C0140F25C10C2F20000F1
:1080B00000F58C6002F0E8FD0BE0019800F11C0176
:1080C00040F25C10C2F2000000F6245000F082FA88
:1080D000FFE702B080BD000080B586B00590049136
:1080E0000598006846F20041C4F20001884216D1AA
:1080F000FFE7059840F2B801C2F200010860049859
:10810000886205980023039319461A46FFF770FF0B
:10811000039B05980C211A46FFF76AFF20E005989B
:10812000006846F60001C4F20001884217D1FFE75B
:10813000059840F2E401C2F20001086004988862E8
:10814000059870210191002302931A46FFF750FF12
:108150000199029B05981A46FFF74AFFFFE7FFE7E0
:108160000598F9F719FE05980221F9F745F80598E1
:108170001021F9F741F806B080BD000081B00090F1
:108180004EF6FC51CEF20001086840F080700860A5
:1081900041F20401CEF200010020086041F2000229
:1081A000CEF20002116841F001011160009944F221
:1081B0004022C0F20F024A4340F21011C2F2000105
:1081C0000A600A6844F6D353C1F26203A2FB033289
:1081D000920940F21413C2F200031A6009684DF6C6
:1081E0008362C4F21B32A1FB0221890C40F21812F7
:1081F000C2F20002116040F22011C2F200010860D8
:1082000001B0704782B08DED010A9DED010AB5EE17
:10821000400AF1EE10FA05DDFFE79DED010A8DED54
:10822000000A06E09DED010AB1EE400A8DED000A5C
:10823000FFE79DED000A02B07047000070B584B002
:108240009C4696460C4605460B980A99099A089B47
:108250008DF80F508DF80E408DF80DE08DF80CC0A4
:108260008DF80B308DF80A208DF809108DF8080074
:108270000020019000909DF80C20130600990198B1
:1082800040EAE37041EA0261009101909DF80D20FF
:108290000098019940EA0240019100909DF80E205B
:1082A0000098019940EA0220019100909DF80F206A
:1082B000009801991043019100900098019904B031
:1082C00070BD000081B041F20400CEF200000068F1
:1082D0000090009840F21C11C2F200010968884227
:1082E00008D2FFE740F22011C2F200010868013015
:1082F0000860FFE7009840F21C11C2F2000108601C
:1083000001B0704770B588B00790079B0693D87985
:10831000197A5A7A9B7AFFF785FC069B9FEDAC1A77
:108320008DED051A20EE010A83ED220AD87A197B19
:108330005A7B9B7BFFF776FC9DED051A069B20EE92
:10834000010A83ED230AD87B197C5A7C9B7CFFF7BA
:1083500069FC9DED051A069B20EE010A83ED240AB7
:10836000D87C197D5A7D9B7DFFF75CFC9DED051A3D
:10837000069B20EE010A83ED250AD87D197E5A7EE0
:108380009B7EFFF74FFC9DED051A069B20EE010A30
:1083900083ED260AD87E197F5A7F9B7FFFF742FC28
:1083A0009DED051A069B20EE010A83ED270AD87F72
:1083B00093F8201093F8212093F82230FFF732FC35
:1083C000069B83ED280A93F8230093F8241093F872
:1083D000252093F82630FFF725FC069B83ED290A1C
:1083E00093F8270093F8281093F8292093F82A305F
:1083F000FFF718FC069B83ED2A0A93F82B0093F8ED
:108400002C1093F82D2093F82E30FFF70BFCDDF89D
:1084100018E08EED2B0A9EF82F009EF830109EF883
:1084200031209EF832309EF833C09EF834409EF8DA
:1084300035509EF83660EE46CEF80C60CEF8085007
:10844000CEF80440CEF800C0FFF7F8FE069BC3F854
:10845000B410C3F8B00093F83F0093F8401093F8BD
:10846000412093F84230FFF7DDFB069B83ED2E0A97
:1084700093F8430093F8441093F8452093F846305E
:10848000FFF7D0FB069B83ED2F0A93F8470093F884
:10849000481093F8492093F84A30FFF7C3FB069B36
:1084A00083ED300A93F84B0093F84C1093F84D206D
:1084B00093F84E30FFF7B6FB069B83ED310A93F835
:1084C0004F0093F8501093F8512093F85230FFF773
:1084D000A9FB069B83ED320A93F8530093F85410DE
:1084E00093F8552093F85630FFF79CFB069B83EDDD
:1084F000330A93F8570093F8581093F8592093F8DB
:108500005A30FFF78FFB069B83ED340A93F85B002C
:1085100093F85C1093F85D2093F85E30FFF782FBD0
:10852000069B83ED350A93F85F0093F8601093F88B
:10853000612093F86230FFF775FB069B83ED360AE6
:1085400093F8630093F8641093F8652093F866300D
:10855000FFF768FB069B83ED370A93F8670093F8F3
:10856000681093F8692093F86A30FFF75BFB069B6D
:1085700083ED380A93F86B0093F86C1093F86D2034
:1085800093F86E30FFF74EFBDDF818E08EED390AF8
:108590009EF86F009EF870109EF871209EF8723061
:1085A0009EF873C09EF874409EF875509EF87660F1
:1085B000EE46CEF80C60CEF80850CEF80440CEF867
:1085C00000C0FFF73BFE0699C1F8E80008B070BD97
:1085D000E02E654286B00590049105990091D1F88E
:1085E00080000130C1F8800004980078FC2820D178
:1085F000FFE743F23C60C2F200000078FD2818D18A
:10860000FFE742F69861C2F2000101200870049869
:10861000407841280CD1FFE704988078302807D1B2
:10862000FFE742F69061C2F2000101200870FFE707
:10863000FFE70498C07943F23C61C2F20001087080
:1086400042F69860C2F20000007828B3FFE70020ED
:108650000390FFE70398072816DCFFE70498039AC6
:10866000805C42F69861C2F200010B7840F224115E
:10867000C2F2000101EBC301114401F8080CFFE74D
:10868000039801300390E5E742F69861C2F20001D9
:10869000087801300870FFE742F69060C2F20000EF
:1086A0000078012836D1FFE742F69860C2F2000058
:1086B000007808282ED1FFE742F69861C2F2000147
:1086C0000020087042F69061C2F20001087002902A
:1086D000FFE7029806281CDCFFE700200190FFE777
:1086E0000198072810DCFFE70099029B40F2241054
:1086F000C2F20000019A02EBC302105C8854FFE74B
:10870000019801300190EBE7FFE7029801300290F9
:10871000DFE7FFE706B0704780B584B003900291B1
:108720000398019002980078FC2834D1FFE7029862
:108730004078412811D1FFE70298807830280CD189
:10874000FFE7029890F83700FD2806D1FFE701986F
:1087500002993822F7F718FE1CE00298407840286A
:1087600017D1FFE702988078382812D1FFE70298E6
:1087700090F83F00FD280CD1FFE70198D0F8801059
:108780000131C0F88010383002994022F7F7FCFD23
:10879000FFE7FFE7FFE704B080BD000081B0009075
:1087A000009890F8EC0001B07047000081B0009094
:1087B000009890ED270A01B07047000082B0019048
:1087C00001980090D0F88010D0F88400884205D13C
:1087D000FFE70099002081F8EC0004E000990120F7
:1087E00081F8EC00FFE70099D1F88000C1F884001F
:1087F00002B0704783B002900191029800900198F6
:1088000043F2F051C2F20001884207D1FFE700991C
:1088100042F66020C2F20000C867FFE703B070476D
:1088200081B0009000980021C0F88010C0F884103A
:1088300080F8EC1001B0704780B584B003900398C5
:10884000019000208DF80B00FFE79DF80B00072832
:1088500020DCFFE700208DF80A00FFE79DF80A0002
:108860007F2810DCFFE701989DF80A1000EBC1019A
:108870009DF80B2000208854FFE79DF80A00013086
:108880008DF80A00EAE7FFE79DF80B0001308DF84C
:108890000B00DAE7019800F03DFA04B080BD00005B
:1088A00080B582B001908DF803108DF802209DF8FC
:1088B000020050B1FFE740F60040C4F202004FF45E
:1088C00000610122FAF722F809E040F60040C4F204
:1088D00002004FF400610022FAF718F8FFE70020C9
:1088E0008DF80100FFE79DF80100072838DCFFE75D
:1088F00040F60040C4F202004FF480410022FAF733
:1089000005F89DF80300000600280AD5FFE740F6A9
:108910000040C4F202004FF400510122F9F7F6FFC3
:1089200009E040F60040C4F202004FF4005100227A
:10893000F9F7ECFFFFE740F60040C4F202004FF405
:1089400080410122F9F7E2FF9DF8030040008DF815
:108950000300FFE79DF8010001308DF80100C2E738
:1089600040F60040C4F202004FF400610122F9F722
:10897000CDFF02B080BD000010B586B08C468646A3
:1089800009980899CDF814E08DF813C08DF81220DD
:108990008DF811308DF810108DF80F0005980190AA
:1089A0009DF812008DF80B009DF8110020388DF80D
:1089B000110000208DF80D00FFE79DF80D009DF8D7
:1089C0001010884275DAFFE79DF810000C2810D1CE
:1089D000FFE79DF8110000EB40014EF29830C0F621
:1089E000000000EB81009DF80D10405C8DF80E003A
:1089F0000DE09DF811104EF60C00C0F6000000EBE3
:108A000001109DF80D10405C8DF80E00FFE700206E
:108A10008DF80C00FFE79DF80C00072842DCFFE70B
:108A20009DF80E00000600280AD5FFE701989DF882
:108A300013109DF812209DF80F3000F03DF80CE067
:108A400001989DF813109DF812209DF80F30B3FA8D
:108A500083F35B0900F030F8FFE79DF80E0040005B
:108A60008DF80E009DF8120001308DF812009DF86F
:108A700012009DF80B10401A9DF8101088420AD180
:108A8000FFE79DF80B008DF812009DF813000130F0
:108A90008DF8130006E0FFE79DF80C0001308DF81B
:108AA0000C00B8E7FFE79DF80D0001308DF80D00D0
:108AB00083E706B010BD000084B003908DF80B1062
:108AC0008DF80A208DF809300398009000208DF869
:108AD00006009DF80B007F2805DCFFE79DF80A00E3
:108AE000402801DBFFE732E09DF80A100720A0EBE9
:108AF000D1008DF808009DF80A0000F007008DF8FD
:108B000007009DF80700C0F10701012088408DF89B
:108B100006009DF8090068B1FFE700989DF806304F
:108B20009DF80B1000EBC1019DF80820885C1843EC
:108B300088540CE000989DF806309DF80B1000EB6F
:108B4000C1019DF80820885C98438854FFE704B071
:108B50007047000010B58AB08C4686460D980C9977
:108B6000CDF824E08DF823C08DF8222007938DF8EE
:108B70001B108DF81A000998049000208DF817003A
:108B80008DF81900FFE79DF819009DF81B10884229
:108B90006CDAFFE70498079903919DF81B209DF874
:108BA0001910C9431144CAB20A2100F095F90146CF
:108BB0000398B0FBF1F04CF6CD41CCF6CC41A0FBD4
:108BC0000121C90801EB8101A0EB41008DF81800DB
:108BD0009DF8170048BBFFE79DF819009DF81B1092
:108BE0000139884221DAFFE79DF81800C0B9FFE794
:108BF00004989DF823C09DF81A3059089DF8192053
:108C000001FB02C19DF82220EC464FF0010ECCF88A
:108C100004E0CCF80030C9B22023FFF7ADFE1FE01E
:108C200001208DF81700FFE7FFE704989DF8233037
:108C30009DF81AC04FEA5C019DF8192001FB023132
:108C40009DF822209DF818303033EE460124CEF8EE
:108C50000440CEF800C0C9B2DBB2FFF78DFEFFE7DB
:108C60009DF8190001308DF819008CE70AB010BD8D
:108C700080B588B007908DF81B108DF81A200593E9
:108C8000079803907A208DF813003A208DF812008F
:108C9000FFE705980078D8B3FFE79DF81B009DF823
:108CA0001310884209DDFFE700208DF81B009DF8B6
:108CB0001A0010308DF81A00FFE79DF81A009DF891
:108CC0001210884209DDFFE7039800218DF81B1080
:108CD0008DF81A10FFF7B0FDFFE703989DF81B1001
:108CE0009DF81A20059B1B78EE464FF0010CCEF83C
:108CF00004C04FF00C0CCEF800C0FFF73DFE9DF80D
:108D00001B0008308DF81B00059801300590C0E766
:108D100008B080BD80B584B0039003980190002016
:108D20008DF80B00FFE79DF80B00072835DCFFE707
:108D300001989DF80B10B031C9B200220092FFF7E4
:108D4000AFFD0198009A1146FFF7AAFD0198009A1D
:108D50001021FFF7A5FD00988DF80A00FFE79DF8A8
:108D60000A007F2812DCFFE701989DF80A1000EB4B
:108D7000C1019DF80B20895C0122FFF791FDFFE7FF
:108D80009DF80A0001308DF80A00E8E7FFE79DF83A
:108D90000B0001308DF80B00C5E704B080BD00006A
:108DA00080B586B005900598049040F60040C4F266
:108DB000020001904FF48051029100220392F9F7D2
:108DC000A5FD6420F9F78CFB019802990122F9F7BF
:108DD0009DFD039A0498AE21FFF762FD039A049863
:108DE000D521FFF75DFD039A04985021FFF758FD48
:108DF000039A0498A821FFF753FD039A04983F2192
:108E0000FFF74EFD039A0498D321FFF749FD039A1B
:108E100004981146FFF744FD039A04984021FFF798
:108E20003FFD039A04988D21FFF73AFD039A0498B9
:108E30001421FFF735FD039A04982021FFF730FD38
:108E4000039A04980221FFF72BFD039A0498A121AD
:108E5000FFF726FD039A0498C021FFF721FD039A2E
:108E60000498DA21FFF71CFD039A04981221FFF7FA
:108E700017FD039A04988121FFF712FD039A0498C5
:108E8000EF21FFF70DFD039A0498D921FFF708FDA4
:108E9000039A0498F121FFF703FD039A0498DB215C
:108EA000FFF7FEFC039A04983021FFF7F9FC039AC0
:108EB0000498A421FFF7F4FC039A0498A621FFF775
:108EC000EFFC039A0498AF21FFF7EAFC0498FFF740
:108ED000B3FC06B080BD000083B002908DF807108F
:108EE0008DF8062001200090FFE79DF80600411E46
:108EF0008DF8061030B1FFE79DF807100098484341
:108F00000090F2E7009803B07047000081B0009035
:108F1000009841F22C41084490ED000A01B07047DE
:108F200082B001908DED000A0199009841F22C4227
:108F3000885002B07047000080B59AB01990199817
:108F4000129000F6646001F049FCC0F3800042F624
:108F50009961C2F20001087042F67460C2F200002A
:108F60000078BFF35F8FC00718BBFFE742F674605D
:108F7000C2F2000003F082FAD8B1FFE740F200002D
:108F8000C2F2000090ED000AB7EE041A20EE010ACA
:108F9000B0EE001A80EE010A42F68060C2F20000D4
:108FA00080ED000A42F67460C2F2000003F07CFA21
:108FB000FFE742F67060C2F200000078BFF35F8FF7
:108FC000C007F8B9FFE742F67060C2F2000003F094
:108FD00055FAB8B1FFE740F20000C2F2000090ED90
:108FE000000AB0EE001A80EE010A42F67C60C2F27E
:108FF000000080ED000A42F67060C2F2000003F04B
:1090000053FAFFE7129841F2D0310844109002F071
:109010004BFF0146109800EBC102516801315160CD
:1090200002F042FF01461191032800F229821199B2
:10903000DFE811F004003900CF006B01129800F551
:109040008C600F909FEDE50A01F0A2F90F989FED5B
:10905000E40A01F089F9129800F6646001F0C6FB99
:10906000012810D1FFE7129800F6646001F0B6FB0A
:10907000C00740B1FFE7129841F2D0310844012106
:1090800002F0F8FEFFE7129800F6646001F0AEFB14
:1090900040B9FFE7129841F2D0310844032102F0B1
:1090A000E9FEFFE7ECE1129800F58C610D9100F606
:1090B00064600E9001F014FC0D9801F037F90E98E1
:1090C00001F016FC0D9801F03BF9129800F61440DF
:1090D00009909FEDC30A8DED0A0A02F025FF0D9855
:1090E00001F010F9099803F0C3F8099802F026FF7F
:1090F0000D9801F02FF909988DED180A03F0B0F8DA
:10910000B0EE401A9DED180A30EE410A8DED180AB6
:1091100018A89FEDE00ADFEDE00ACDED0C0AFEF79E
:109120001BFE0D989DED180A01F01EF912989DED99
:109130000A0A00F66C400B9002F0F6FE0D9801F062
:10914000EBF80B9803F094F80B9802F0F7FE0D98EB
:1091500001F014F90B988DED170A03F081F8DDED9D
:109160000C0AB0EE401A9DED170A30EE410A8DED63
:10917000170A17A89FEDC90AFEF7EEFD0D989DEDA1
:10918000170A01F005F90E9801F030FB012810D103
:10919000FFE7129800F6646001F020FBC00740B9B9
:1091A000FFE7129841F2D0310844022102F062FE3A
:1091B000FFE7129800F6646001F018FB40B9FFE782
:1091C000129841F2D0310844032102F053FEFFE728
:1091D00056E1129841F2D0310844089002F064FE42
:1091E0000146089800EBC1004068B0F5967F08D9A9
:1091F000FFE7129841F2D0310844032102F03AFE11
:10920000FFE7129800F6646001F0F0FA012810D12F
:10921000FFE7129800F6646001F0E0FAC00740B181
:10922000FFE7129841F2D0310844012102F022FEFA
:10923000FFE7129800F58C6007909FED990A8DED7D
:10924000040A01F073F89DED040A079801F078F81C
:1092500012989DED040A00F61440039002F064FE9B
:10926000079801F04FF8039803F002F8039802F012
:1092700065FE079801F06EF803988DED160A02F06E
:10928000EFFFB0EE401A9DED160A30EE410A8DED6B
:10929000160A16A89FED7F0ADFED7F0ACDED060ABC
:1092A000FEF75AFD07989DED160A01F05DF8129839
:1092B0009DED040A00F66C40059002F035FE07981B
:1092C00001F02AF8059802F0D3FF059802F036FE67
:1092D000079801F053F805988DED150A02F0C0FFCC
:1092E000DDED060AB0EE401A9DED150A30EE410A9A
:1092F0008DED150A15A89FED690AFEF72DFD07985B
:109300009DED150A01F044F8BAE0129800F58C6062
:1093100001F020F88DED140A42F68060C2F20000E0
:1093200090ED001A9DED140A30EE010A8DED140A3D
:109330009DED140A9FED531AB4EE410AF1EE10FAB6
:109340000BDCFFE742F68060C2F2000090ED000AFD
:10935000B0EEC00A80ED000A17E09DED140A9FED03
:109360004A1AB4EE410AF1EE10FA0DDBFFE742F6BD
:109370008060C2F2000090ED000AB0EEC00AB1EECB
:10938000400A80ED000AFFE7FFE7129800F58C60C5
:1093900000F0F4FF8DED130A42F67C60C2F200008B
:1093A00090ED001A9DED130A30EE010A8DED130ABF
:1093B0009DED130A9FED351AB4EE410AF1EE10FA55
:1093C00010DCFFE742F67C60C2F2000090ED000A7C
:1093D000B0EEC00A80ED000A1CE000BF000096421B
:1093E000000000009DED130A9FED291AB4EE410A1A
:1093F000F1EE10FA0DDBFFE742F67C60C2F20000EE
:1094000090ED000AB0EEC00AB1EE400A80ED000A0D
:10941000FFE7FFE714A89FED1F0ADFED1F0ACDED60
:10942000010AFEF799FC129800F58C6002909DED00
:10943000140A00F099FFDDED010A13A89FED170A49
:10944000FEF78AFC02989DED130A00F0A1FF129826
:1094500000F6646001F0CAF9012810D1FFE7129804
:1094600000F6646001F0BAF9C00740B1FFE7129856
:1094700041F2D0310844012102F0FCFCFFE7FFE794
:109480001AB080BD000048C300004842000082427C
:109490000000A042000070C30000BE420000344241
:1094A0000000000080B592B0119011980C9040F629
:1094B0000040C4F202000821F9F710FA012840F038
:1094C000AE80FFE70C9800F6146002F057F88008B1
:1094D000C007002800F08180FFE70C9800F61460B8
:1094E0000A9002F059F80C988DED080A02F0CAFAB9
:1094F0000A98B0EE401A9DED080A20EE010A8DEDA3
:10950000100A02F041F80C988DED090A02F0C2FA37
:109510009DED091A0A9820EE410A8DED0F0A02F01E
:1095200065F80C988DED0B0A02F0A6F80C98B0EED9
:10953000401A9DED0B0A20EE010A9FEDB31A20EEB2
:10954000010A8DED0E0A00F069F98DED0D0A9DED11
:109550000E1A9DED0D0A30EE010A8DED0D0AFFE7A2
:109560000C9841F22441084490ED000A9FEDA71A9F
:10957000B4EE410AF1EE10FA0DDDFFE70C9841F26E
:109580002441084490ED000A9FEDA31A30EE010A31
:1095900080ED000AE4E7FFE70C9841F2244108441B
:1095A00090ED000A9FED9A1AB4EE410AF1EE10FA1E
:1095B0000DDAFFE70C9841F22441084490ED000ACF
:1095C0009FED941A30EE010A80ED000AE4E70C9852
:1095D0009DED0D0A00F038F920E00C9800F664606B
:1095E00001F004F901280ED1FFE70C9800F6646041
:1095F000079001F037F907988DED100A01F03AF95C
:109600008DED0F0AFFE70C9800F008F90C988DED2E
:109610000D0A9DED0D0A00F017F9FFE78BE00C989D
:1096200000F6146001F0AAFFC008C007002800F08F
:109630008180FFE70C9800F61460059001F0ACFF04
:109640000C988DED030A02F01DFA0598B0EE401A51
:109650009DED030A20EE010A8DED100A01F094FF42
:109660000C988DED040A02F015FA9DED041A059888
:1096700020EE410A8DED0F0A01F0B8FF0C988DED38
:10968000060A01F0F9FF0C98B0EE401A9DED060AAB
:1096900020EE010A9FED5C1A20EE010A8DED0E0A04
:1096A00000F0BCF88DED0D0A9DED0E1A9DED0D0A32
:1096B00030EE010A8DED0D0AFFE70C9841F22441CE
:1096C000084490ED000A9FED511AB4EE410AF1EE04
:1096D00010FA0DDDFFE70C9841F22441084490EDAB
:1096E000000A9FED4D1A30EE010A80ED000AE4E712
:1096F000FFE70C9841F22441084490ED000A9FEDE9
:10970000441AB4EE410AF1EE10FA0DDAFFE70C98B4
:1097100041F22441084490ED000A9FED3E1A30EEDC
:10972000010A80ED000AE4E70C989DED0D0A00F0B7
:109730008BF8FFE7FFE70C9800F070F80C988DEDC0
:109740000D0A00F2444002909DED0D0A00F082FCEB
:10975000029800F089FC029800F0C2FD0C9800F01D
:1097600073F80C9800F62450FFF720F89FED271AA5
:10977000B4EE410AF1EE10FA0DDDFFE70C9800F6A9
:109780002450FFF713F80C989FED231A30EE010ACE
:1097900000F04EF808E00C9800F62450FFF706F8A9
:1097A0000C9800F045F8FFE70C9901F57B700190EB
:1097B00041F22442114491ED000A02F0B5FB0198F8
:1097C0000C9941F22842114491ED000A02F050FD3B
:1097D000019802F0B3FB019802F042FD0C98B1EE43
:1097E000400A8DED0E0A9DED100A01F04DFF0C9818
:1097F0009DED0F0A01F052FF0C989DED0E0A02F04C
:10980000F5FA12B080BD00BFCDCC4C3D0000344312
:10981000000034C30000B4430000B4C381B0009022
:10982000009841F22441084490ED000A01B07047CD
:1098300082B001908DED000A0199009841F2284212
:10984000885002B07047000082B001908DED000A90
:109850000199009841F22442885002B070470000FC
:1098600010B5A0B01F901F981B9041F20862C2F281
:10987000000213685168013341F100011360516027
:1098800000F62450FEF73EFD1B98FFF70BFE1B98D9
:10989000FFF752FB42F68460C2F20000017801310A
:1098A00001700078332831DBFFE742F68860C2F2AE
:1098B00000000178013101700078032811DBFFE717
:1098C0001B9800F6646001F0DDF81B9800F6245048
:1098D000FEF774FF42F68861C2F2000100200870B2
:1098E000FFE71B9800F036FA1B9800F071FA1B98FE
:1098F00000F032FB1B9800F6646001F071F842F64C
:109900008461C2F2000100200870FFE71B9802F09A
:10991000D5F81B9800F58C6000F050FD42F6896088
:10992000C2F2000001780131017000786528C0F2B0
:10993000CA81FFE71B98FFF7E9FA1B989FEDEC1A25
:1099400020EE010ABDEEC00A8DED1E0A00F6D460BD
:1099500018904EF6FC53C0F60003002219921146EF
:10996000FFF786F91898199A1E9948F21F53C5F205
:10997000EB13169351FB03F3591101EBD373EC4630
:109980000C211A91CCF8041002211791CCF8001088
:109990003221FFF7DFF81898199A4EF64C63C0F69B
:1099A00000033F21FFF764F9169B17991898199A3D
:1099B000DDF868E01E9C54FB03FC4FEA6C1303EBDC
:1099C000DC734FF0640C03FB1C43EC46CCF804E062
:1099D000CCF800104921FFF7BDF81B9800F6245081
:1099E000FEF7DCFE01280CD1FFE71B9800F6D460DF
:1099F0004EF61463C0F6000300210A22FFF738F97F
:109A00000BE01B9800F6D4604EF60463C0F600032A
:109A100000210A22FFF72CF9FFE71B9802F022F839
:109A20009FEDCB1A20EE010ABDEEC00A8DED1D0A96
:109A30001D98002849D4FFE71B9800F6D4601390C6
:109A40004EF62463C0F60003002114221492FFF79F
:109A50000FF91398149A1D9948F21F53C5F2EB138E
:109A6000119351FB03F3591101EBD373EC460C2115
:109A70001591CCF8041002211291CCF800104A2163
:109A8000FFF768F81398149A4EF64C63C0F600037B
:109A90005721FFF7EDF8119B12991398149ADDF8EE
:109AA00054E01D9C54FB03FC4FEA6C1303EBDC7386
:109AB0004FF0640C03FB1C43EC46CCF804E0CCF8FC
:109AC00000106121FFF746F84CE01B9800F6D460C7
:109AD0000E904EF63863C0F60003002114220F9258
:109AE000FFF7C6F80E980F9A1D99494248F21F5386
:109AF000C5F2EB130C9351FB03F3591101EBD37334
:109B0000EC460C211091CCF8041002210D91CCF8F8
:109B100000104A21FFF71EF80E980F9A4EF64C637C
:109B2000C0F600035721FFF7A3F80C9B0D990E9880
:109B30000F9ADDF840E0DDF874C0CCF1000454FB6E
:109B400003FC4FEA6C1303EBDC734FF0640C03FB74
:109B50001C43EC46CCF804E0CCF800106121FEF781
:109B6000F9FFFFE71B9801F085FF9FED791A20EEC2
:109B7000010ABDEEC00A8DED1C0A1C98002849D4CC
:109B8000FFE71B9800F6D46009904EF62E63C0F6EE
:109B9000000300211E220A92FFF76AF809980A9A28
:109BA0001C9948F21F53C5F2EB13079351FB03F3C3
:109BB000591101EBD373EC460C210B91CCF8041036
:109BC00002210891CCF800104A21FEF7C3FF099842
:109BD0000A9A4EF64C63C0F600035721FFF748F887
:109BE000079B089909980A9ADDF82CE01C9C54FB05
:109BF00003FC4FEA6C1303EBDC734FF0640C03FBC4
:109C00001C43EC46CCF804E0CCF800106121FEF7D0
:109C1000A1FF4CE01B9800F6D46004904EF642631E
:109C2000C0F6000300211E220592FFF721F80498D8
:109C3000059A1C99494248F21F53C5F2EB1302934F
:109C400051FB03F3591101EBD373EC460C21069140
:109C5000CCF8041002210391CCF800104A21FEF741
:109C600079FF0498059A4EF64C63C0F6000357211D
:109C7000FEF7FEFF029B03990498059ADDF818E0B1
:109C8000DDF870C0CCF1000454FB03FC4FEA6C1308
:109C900003EBDC734FF0640C03FB1C43EC46CCF885
:109CA00004E0CCF800106121FEF754FFFFE71B9899
:109CB00000F6D460FFF72EF842F68961C2F2000187
:109CC00000200870FFE71B9800F6646000F08EFD2E
:109CD00098BBFFE742F68660C2F2000001880131BE
:109CE0000180B0F90000B0F5C87F0ADD02E000BFD6
:109CF0000000C84242F68661C2F2000100200880DE
:109D0000FFE742F68660C2F20000B0F90000322898
:109D100009DCFFE70020C4F202004FF48071012249
:109D2000F8F7F4FD08E00020C4F202004FF480715F
:109D30000022F8F7EBFDFFE708E00020C4F2020084
:109D40004FF480710022F8F7E1FDFFE720B010BD6D
:109D50000000C84280B584B003900398019041F29E
:109D6000D421084402F0A0F80146029120B1FFE797
:109D70000298012810D029E043F26050C2F200009E
:109D8000406C40B1FFE7019841F2D4210844012121
:109D900002F070F8FFE719E043F26050C2F20000F1
:109DA0000090FBF72DF9009842F24021C2F2000129
:109DB000B1F8042401F50171FAF7EEFF019841F2C0
:109DC000D4210844002102F055F8FFE704B080BD1B
:109DD00080B584B003900398019041F22831084483
:109DE00002F062F80146029120B1FFE702980128D3
:109DF00010D029E043F2F050C2F20000406C40B1B4
:109E0000FFE7019841F228310844012102F032F8BD
:109E1000FFE719E043F2F050C2F200000090FBF7B8
:109E2000EFF8009842F66021C2F20001B1F8042474
:109E300001F50171FAF7B0FF019841F228310844A9
:109E4000002102F017F8FFE704B080BD80B584B0B0
:109E5000039003980190F0EE000AB2EE001AB0EE03
:109E6000600A01F0E5FE019800F57B709FED360A6F
:109E70009FED361AF1EE002ADFED354A9FED355A97
:109E800000210291F0EE450AF0EE451AB0EE452AA7
:109E9000B0EE453AF0EE453AB0EE454A02F0A6F98A
:109EA000019800F24440F5EE000AB0EE600A00F0BE
:109EB00005FA019800F58C6000F0E8FA019800F6C8
:109EC000245043F2F051C2F20001FEF793FC0198D6
:109ED00000F6146043F21851C2F2000101F0AEFB2B
:109EE000019800F6646043F26051C2F200015A2208
:109EF00000F0E0FD0198C0F8640E00F6D460FEF7B3
:109F00004FFF0198029A41F2D421084402210091A6
:109F100001F0D2FF00990198029A41F228331844C7
:109F200001F0CAFF00990198029A41F27C3318446B
:109F300001F0C2FF0198029A41F2D0310844042195
:109F400001F0BAFF04B080BDCDCCCC3E0AD7233C93
:109F50006F12833A0000000080B584B0039003982C
:109F6000019041F27C31084401F09EFF01460291CC
:109F700020B1FFE70298012810D029E043F21850E1
:109F8000C2F20000406C40B1FFE7019841F27C3121
:109F90000844012101F06EFFFFE719E043F2185079
:109FA000C2F200000090FBF72BF8009841F6202148
:109FB000C2F20001B1F8042401F50171FAF7ECFED8
:109FC000019841F27C310844002101F053FFFFE782
:109FD00004B080BD80B582B001900198009001F07E
:109FE0000FFF009800F57B7002F04CF9009800F22A
:109FF000444000F07DF9009800F58C6000F0B4FB5F
:10A00000009800F62450FEF70BFC009800F6146050
:10A0100001F02AFB009800F6646000F069FD0098EA
:10A0200041F2D421084401F077FF009841F2283131
:10A03000084401F071FF009841F27C31084401F0BE
:10A040006BFF009841F2D031084401F065FF0098A1
:10A0500002B080BD82B001908DED000A0199009898
:10A06000886102B07047000080B582B0019001980D
:10A07000009090ED040AB5EE400AF1EE10FA5ADDB8
:10A08000FFE7009890ED041A90ED060AB4EE410A3D
:10A09000F1EE10FA21DDFFE7009890ED040A90ED53
:10A0A000061A30EE410AFEF7ADF8009890ED001A5E
:10A0B000B4EE410AF1EE10FA0ADDFFE7009890EDE8
:10A0C000001A90ED050A30EE010A80ED050A03E062
:10A0D000009988694861FFE72CE0009890ED041A28
:10A0E00090ED060AB4EE410AF1EE10FA21DAFFE72C
:10A0F000009890ED040A90ED061A30EE410AFEF742
:10A1000081F8009890ED011AB4EE410AF1EE10FAD0
:10A110000ADDFFE7009890ED011A90ED050A30EE98
:10A12000410A80ED050A03E0009988694861FFE76C
:10A13000FFE7FFE7BDE0009890ED040AB5EE400AA6
:10A14000F1EE10FA5ADAFFE7009890ED041A90ED5C
:10A15000060AB4EE410AF1EE10FA21DAFFE70098A0
:10A1600090ED040A90ED061A30EE410AFEF74AF827
:10A17000009890ED001AB4EE410AF1EE10FA0ADDF3
:10A18000FFE7009890ED001A90ED050A30EE410AC5
:10A1900080ED050A03E0009988694861FFE72CE03B
:10A1A000009890ED041A90ED060AB4EE410AF1EE23
:10A1B00010FA21DDFFE7009890ED040A90ED061AF1
:10A1C00030EE410AFEF71EF8009890ED011AB4EE49
:10A1D000410AF1EE10FA0ADDFFE7009890ED011A4E
:10A1E00090ED050A30EE010A80ED050A03E00099C2
:10A1F00088694861FFE7FFE7FFE759E0009890EDC5
:10A20000041A90ED060AB4EE410AF1EE10FA21DDCF
:10A21000FFE7009890ED040A90ED061A30EE410A2F
:10A22000FDF7F0FF009890ED001AB4EE410AF1EE50
:10A2300010FA0ADDFFE7009890ED001A90ED050A8C
:10A2400030EE010A80ED050A03E000998869486153
:10A25000FFE72CE0009890ED041A90ED060AB4EEAA
:10A26000410AF1EE10FA21DAFFE7009890ED040AB6
:10A2700090ED061A30EE410AFDF7C4FF009890ED0C
:10A28000001AB4EE410AF1EE10FA0ADDFFE7009879
:10A2900090ED001A90ED050A30EE410A80ED050AB6
:10A2A00003E0009988694861FFE7FFE7FFE7FFE700
:10A2B000FFE700994869086102B080BD83B0029051
:10A2C0008DED010ACDED000A029901988860009891
:10A2D000C86088680860C868486003B070470000BC
:10A2E00081B00090009890ED050A01B07047000021
:10A2F00081B000900098002101614161816101B04D
:10A300007047000081B00090009800F6BC0090ED0E
:10A31000000A01B07047000081B00090009800F57D
:10A320000C6090ED000A01B07047000082B001900F
:10A330008DED000A01990098C1F8BC0802B0704781
:10A3400082B001908DED000A01990098C1F8C00813
:10A3500002B0704781B00090009800F6A80090ED20
:10A36000000A01B07047000082B001908DED000A34
:10A3700001990098C1F8A80802B0704781B0009018
:10A38000009800F6A40090ED000A01B070470000AC
:10A3900082B001908DED000A01990098C1F8A408DF
:10A3A00002B0704782B001908DF8031001999DF8BA
:10A3B000030081F89C0802B07047000080B582B0AD
:10A3C00001900198009000F035F942F68B60C2F2DE
:10A3D000000001780131017000780B2853DBFFE7A2
:10A3E00042F68A60C2F20000017801310170007803
:10A3F0004AF6AA22C2F6AA224AF6AB21CAF6AA2136
:10A4000000FB0120B0F1553F06D2FFE7009800F5B0
:10A41000956000F079FD2FE042F68A60C2F20000FC
:10A42000007845F25651C5F25551A0FB012101EBD0
:10A430004101401A012806D1FFE7009800F5CE70CF
:10A4400000F062FD17E042F68A60C2F20000007878
:10A4500045F25651C5F25551A0FB012101EB4101D6
:10A46000401A022806D1FFE7009800F5956000F039
:10A4700053FDFFE7FFE7FFE742F68B61C2F2000101
:10A4800000200870FFE702B080BD000080B58AB0F0
:10A490000990099808906946002307930B6042F6DB
:10A4A000E461C2F2000102229FED560A8DED060A18
:10A4B000DFED550A00F00EFC9DED065A079908984D
:10A4C000B2EE040AF7EE000ACDED040AB3EE042A58
:10A4D0008DED032ADFED4D2ADFED4D4ACDED054A26
:10A4E000B0EE451AF0EE451AB0EE453AF0EE453AB8
:10A4F000B0EE454A01F07AFEDDED040ADDED054AD5
:10A500009DED065A079908985830B1EE040A9FED60
:10A51000412ADFED412AB0EE451AF0EE451AB0EEC1
:10A52000453AF0EE453AB0EE454A01F05FFEDDED0A
:10A53000030A9DED061A079A089800F5956043F204
:10A54000A851C2F200010291B0EE600A00F0B2FD23
:10A550000299DDED030A9DED061A089800F5CE700C
:10A560000122B0EE600A00F0A5FDDDED054A9DED8B
:10A57000065A0799089800F2B4709FED280A9FEDDB
:10A58000281ADFED282AF0EE450AF0EE451AB0EE63
:10A59000452AB0EE453AF0EE453AB0EE454A01F0B4
:10A5A00025FEDDED042ADDED054A9DED065A0799ED
:10A5B000089800F60C00DFED1C0AB0EE640AB0EE5D
:10A5C000451AF0EE451AB0EE452AB0EE453AF0EEE7
:10A5D000453AB0EE454A01F009FE089800F66400DD
:10A5E000DFED120AB0EE600AFFF768FE089800F58A
:10A5F0000860DFED0F0AB0EE600AFFF75FFE0AB0F9
:10A6000080BD00BF00000000000004420000C842FE
:10A610006F12833A0000484200004843FAEDEB3ADB
:10A6200052491D390000704217B7D1380AD7A33DEF
:10A630000AD7233D80B58CB00B900B980790A121D1
:10A6400000F030FB079890F89C080146089120B173
:10A65000FFE7089801281AD079E00798042100F054
:10A660002DFB07989FED3E0A8DED060A00F002FBD8
:10A67000079800F5CE709FED3B0A00F0E3FB0798CA
:10A680009DED060A00F5956000F0DCFB5FE00798A1
:10A69000022100F013FB079800F50A6191ED000A12
:10A6A00000F0DEFA079901F50860019001F6A401B7
:10A6B00091ED000AFFF7CEFC0198FFF7D5FC079952
:10A6C00001F66400029001F6A80191ED000AFFF77F
:10A6D000C1FC0298FFF7C8FC0198FFF701FE029841
:10A6E0008DED0A0AFFF7FCFD8DED090A0AA89FED22
:10A6F000190ADFED190ACDED030AFDF72DFBDDED9B
:10A70000030A09A89FED150AFDF726FB079800F537
:10A71000CE7004909DED0A0A00F094FB079800F5B6
:10A72000956005909DED090A00F08CFB049807994F
:10A7300001F6AC0191ED000A00F0DCFB07990598E9
:10A7400001F50B6191ED000A00F0D4FBFFE70CB0BE
:10A7500080BD00BF000034420000BE42000070C354
:10A76000000000000000964280B582B00190019880
:10A77000009000F007FB009800F5CE7000F042FD5D
:10A78000009800F5956000F03DFD009800F2B4706F
:10A7900001F078FD009800F60C0001F073FD0098C0
:10A7A00000F66400FFF7A4FD009800F50860FFF7CD
:10A7B0009FFD0098002180F89C180022C4F2962288
:10A7C000C0F8A428C0F8A8180021C4F27A31C0F853
:10A7D000AC18C0F8B01802B080BD000081B0009085
:10A7E000009890F8300001B07047000081B00090F0
:10A7F000009890F8640001B07047000085B00390A5
:10A8000002910192ADF80230029828B9FFE74FF6A5
:10A81000FF70ADF8120021E0FFE70198411E0191A1
:10A82000B8B1FFE70298411C029100788DF8010051
:10A83000BDF802109DF801004840C2B24EF29810D7
:10A84000C0F6000030F8120080EA1120ADF80200D6
:10A85000E3E7BDF80200ADF81200FFE7BDF8120013
:10A8600005B0704781B000900098C06900EE100AF2
:10A8700001B0704781B000900098006A00EE100AA5
:10A8800001B0704780B584B00390029103980190A5
:10A8900002980078A52820D1FFE701980299182294
:10A8A00000F05CF8C8B1FFE70198C16D0131C165E6
:10A8B0001B3002991822F5F767FD0198816A00EEB6
:10A8C000101AB8EEC00A80ED100AC16A00EE101A24
:10A8D000B8EEC00A80ED110AFFE704B080BD0000A9
:10A8E00081B00090009890ED100A01B07047000010
:10A8F00081B00090009890ED110A01B070470000FF
:10A9000080B586B0059004910392059801900020CF
:10A91000ADF80A00049820B1FFE70398022801D897
:10A92000FFE718E001980499039A023A4FF6FF7383
:10A93000FFF764FFADF80A00BDF80A00049A039916
:10A94000114401F8020C9DF80B00049A039911447C
:10A9500001F8010CFFE706B080BD000080B588B0AB
:10A96000069005910492069802900020ADF80E0022
:10A97000059820B1FFE70498022804D8FFE70020DB
:10A980008DF81F0028E002980599049A023A4FF6C4
:10A99000FF73FFF733FFADF80E009DF80E10059A18
:10A9A0000498104410F8022C0020914201900DD11F
:10A9B000FFE79DF80F00059A0499114411F8011C56
:10A9C000401AB0FA80F040090190FFE7019800F0CA
:10A9D00001008DF81F00FFE79DF81F0008B080BD43
:10A9E00080B584B003900398019090F83310017201
:10A9F000006800F0C5FC019810EE101AC0F80910AC
:10AA00000068E83000F0BCFC019810EE101AC0F8A5
:10AA10001110006800F5E87000F0B2FC019810EE2B
:10AA2000101A81F00041C0F81510006800F52E7072
:10AA300000F0A6FC019810EE101A81F00041C0F859
:10AA40000D1042688168C368D0F810C0D0F814E0D7
:10AA5000C2F810E0C2F80CC093605160018B837E95
:10AA6000937591824168043113220292FFF748FFE7
:10AA70000198029A416851F8040BFCF72BFF04B0CF
:10AA800080BD000082B0019001980090C16D006E01
:10AA9000884205D1FFE70099002081F8640004E0B6
:10AAA0000099012081F86400FFE70099C86D0866ED
:10AAB00002B0704784B0039002918DF8072003988C
:10AAC0000090029843F26051C2F20001884207D11F
:10AAD000FFE7009942F24020C2F200004860FFE721
:10AAE00000999DF8070081F8330004B0704700001A
:10AAF00081B0009000980021C165016680F8641063
:10AB000001B0704786B0059005980090D0F8081104
:10AB1000203101910199C988ADF80E1001998988F9
:10AB2000ADF80C1001994988ADF80A1090F8300181
:10AB300040BBFFE70099BDF80E00B1F85C21801A18
:10AB400004900498D1F82C210021A1EB52018842F5
:10AB500007D2FFE70099D1F864010130C1F8640120
:10AB60000FE000990498D1F82C11B0EB510F07D9E0
:10AB7000FFE70099D1F864010138C1F86401FFE7EB
:10AB8000FFE7FFE70098D0F81421D0F82C31D0F877
:10AB90006411BDF80EC001FB03C11144C0F860117F
:10ABA0000199097880F84011BDF80E1000EE101AD6
:10ABB000B8EE400A90ED4B1AB8EE411A80EE010A49
:10ABC0009FED241A20EE010A80ED510A90ED510A02
:10ABD0009FED211A20EE010A80ED520ABDF90C10FA
:10ABE00000EE101AB8EEC00AB1EE081A80EE010AA3
:10ABF00020EE010A80ED530ABDF90C1000EE101A88
:10AC0000B8EEC00A80EE010A9FED141A20EE010A88
:10AC100080ED540ABDF90A1000EE101AB8EEC00A11
:10AC200080ED550A0199497800EE101AB8EE400AF5
:10AC300080ED560ABDF80E10A0F85C1190F83001B6
:10AC400028B9FFE70099012081F83001FFE706B03D
:10AC5000704700BF0000B44335FA8E3C5077D63DB4
:10AC600082B001908DED000A01990098C1F8780139
:10AC700002B0704782B001908DED000A01990098F2
:10AC8000C1F8880102B0704780B582B00190009190
:10AC90000198D0F834110131C0F83411FFF732FFB8
:10ACA00002B080BD82B001908DF8031001999DF82B
:10ACB000030081F8680102B07047000082B0019083
:10ACC0008DF8031001999DF8030081F86A0102B024
:10ACD0007047000010B58AB00DF1100CCDF804C01B
:10ACE0008C46019986460C98CDF824E0CDF820C01A
:10ACF0008DF81F2081ED020A0593C1ED000A8DF841
:10AD00000F00099802900898006846F20041C4F2CA
:10AD10000001884208D1FFE7029940F2B800C2F270
:10AD20000000C1F8080111E00898006846F600012B
:10AD3000C4F20001884208D1FFE7029940F2E40022
:10AD4000C2F20000C1F80801FFE7FFE702999DF891
:10AD50001F0081F80C019DF80F0081F86A01059829
:10AD6000C1F814010698C1F818010498C1F81C0133
:10AD700008989DF81F10FDF717F80299C1F8100107
:10AD80000AB010BD80B582B001900198009001F02A
:10AD900079FA0098583001F075FA0098B03001F057
:10ADA00071FA00984FF4FA61A0F820110021C0F860
:10ADB000241149F69A12C3F69962C0F828214FF679
:10ADC000FF72C0F82C2180F83011C0F83411C0F89F
:10ADD000381180F83C11A12280F8682180F86911AF
:10ADE00080F86A11C0F86C11C0F87011C0F87411C5
:10ADF000C0F87811C0F87C11C0F88011C0F8841137
:10AE0000C0F88811C0F88C11C0F8901180F8941126
:10AE10000021C4F2B431C0F8981102B080BD000026
:10AE200081B000900098B0F9CB1200EE101AB8EE85
:10AE3000C00AB2EE041A80EE010A80EDC20A01B027
:10AE40007047000082B001908DED000A01990098D2
:10AE5000C1F8F00202B0704780B584B0039002914F
:10AE60000398019002988078102820D1FFE701987C
:10AE70000299CA7A00920B2200F01CF80146009851
:10AE8000884214D1FFE701990298007991F8EC12F9
:10AE900088420BD1FFE7019802990A7A80F8CE2206
:10AEA0004968C0F8CA12FFF7BBFFFFE7FFE704B02D
:10AEB00080BD000085B004900391029200208DF8BF
:10AEC00007000090FFE70098029988420DDAFFE73B
:10AED00003980099415C9DF8070008448DF807002D
:10AEE000FFE7009801300090EDE79DF8070005B0FE
:10AEF0007047000082B001908DED000A0199009822
:10AF0000C1F8F40202B0704780B582B00190019898
:10AF100000F00CF902B080BD80B582B001900198BC
:10AF20000090B0F8E82200F26711A0F86721102223
:10AF300080F86921012280F86A2190F8EC2280F8DB
:10AF40006B210522FFF7B6FF0146009880F8C91271
:10AF50000268B0F867119180026890F869119171E8
:10AF6000026890F86A11D171026890F86B11117241
:10AF7000026890F8C9125172016851F8040B062258
:10AF8000FCF7A8FC02B080BD80B582B001900198AA
:10AF90000090B0F8E82200F26711A0F867210F22B4
:10AFA00080F869210D2280F86A2190F8DB2280F870
:10AFB0007721D0F8CF22D0F8D332D0F8D7C2C0F85A
:10AFC00073C1C0F86F31C0F86B211122FFF772FF17
:10AFD0000146009880F8C9120268B0F867119180A4
:10AFE000026890F869119171026890F86A11D17144
:10AFF000026890F877111175D0F86B11D0F86F31A5
:10B00000D0F873C1C2F810C0D3609160026890F8A4
:10B01000C9125175016851F8040B1222FCF75AFC51
:10B0200002B080BD80B582B0019001980090B0F868
:10B03000E82200F26711A0F867210D2280F869214B
:10B040000B2280F86A21D0F8DC22D0F8E032D0F868
:10B05000E3C2C0F872C1C0F86F31C0F86B210F2293
:10B06000FFF728FF0146009880F8C9120268B0F87F
:10B0700067119180026890F869119171026890F8E7
:10B080006A11D1710268D0F86B11D0F86F31D0F825
:10B0900072C1C2F80FC0D3609160026890F8C91203
:10B0A000D174016851F8040B1022FCF713FC02B0B4
:10B0B00080BD000087B0069005918DF813208DEDBE
:10B0C000030ACDED020A8DED011A0698009005984D
:10B0D00043F26051C2F20001884207D1FFE70099B4
:10B0E00042F24020C2F2000008600FE0059843F2EF
:10B0F000A851C2F20001884207D1FFE7009942F24D
:10B100005060C2F200000860FFE7FFE700999DF879
:10B11000130081F8EC020398C1F8F8020298C1F814
:10B12000FC020198C1F8000307B0704780B584B0F5
:10B130000390039801900D2180F8ED1290F8ED0234
:10B14000014602910D283AD0FFE702980F2856D108
:10B15000FFE7019890F8EC1280F8CF1290EDBC0A4E
:10B16000B2EE041A20EE010ABDEEC00A10EE101A6B
:10B17000C0F8D01290EDBD0A20EE010ABDEEC00A63
:10B1800010EE101AA0F8D41290EDBE0ABDEEC00A5F
:10B1900010EE101AA0F8D61290EDBF0ABDEEC00A4C
:10B1A00010EE101AA0F8D81290EDC00ABDEEC00A39
:10B1B00010EE101AA0F8DA12FFF7E6FE1FE0019871
:10B1C00090F8EC1280F8DC1290EDBC0AB2EE041A92
:10B1D00020EE010ABDEEC00A10EE101AC0F8DD1212
:10B1E000D0F80413C0F8E11290EDC00ABDEEC00A19
:10B1F00010EE101AA0F8E512FFF714FFFFE704B0F5
:10B2000080BD000081B00090009844F61241A0F883
:10B21000E81241F60541A0F8EA126421C0F80413CF
:10B2200001B0704780B582B0019001990091886D9E
:10B230000068406AC866C86E0A6F801A8867C86E60
:10B240000867886FB1F85C10B0EB510F07DDFFE7BE
:10B250000099886FB1F85C20801A886712E0009925
:10B26000886FB1F85C104A42C1EBD271B0EB610F4C
:10B2700007DAFFE70099886FB1F85C20104488670F
:10B28000FFE7FFE7009890ED181A90ED1E0AB8EE60
:10B29000C00AB8EE411A80EE010A9FED2C1A20EE8A
:10B2A000010A9FED2B1A20EE010A00F1900100F037
:10B2B000C7F8009880ED220A90ED1A1A90ED220A44
:10B2C0009FED242A20EE020A20EE010AB0EE001AB9
:10B2D00080EE010A80ED230A416F826F11444167BD
:10B2E000016E406F88420BDDFFE700990A6E486FE0
:10B2F000801A4867B1F87C000130A1F87C0011E0A9
:10B300000098406FB0F1FF3F0BDCFFE700990A6E39
:10B31000486F10444867B1F87C000138A1F87C0000
:10B32000FFE7FFE7009890ED181A90ED1D0AB8EEC0
:10B33000C00AB8EE411A80EE010A9FED041A20EE11
:10B34000010A80ED200A02B080BD00BF0000B443B6
:10B3500000007A4435FA8E3C81B000900098B0F934
:10B36000E40001B07047000082B00190ADF8021017
:10B370000199BDF80200A1F8E40002B07047000096
:10B3800081B00090009890ED230A01B07047000052
:10B3900082B001908DED000A01990098C1F8E0009B
:10B3A00002B0704780B582B0019001980090FFF71D
:10B3B00039FF009890ED380A00F0B6FD009890ED46
:10B3C000230A00F055FF009800F0B8FD009800F047
:10B3D00047FF0099BDEEC00A10EE100AA1F8E40084
:10B3E00002B080BD80B588B007900691ADF81620F8
:10B3F00004938DED030ACDED020A0798009006989C
:10B4000000210191F8F754FF06980421F8F750FF46
:10B4100000990198069A8A65049AA1F85C20BDF803
:10B4200016200A66039A4A66029A8A66C866086700
:10B4300088674867A1F87C00C1F8800008B080BD2B
:10B4400080B586B002AA009202460098059280ED6F
:10B45000020A03910020029013208DF80700FFE7F5
:10B460009DF8070001281EDBFFE70098039A9DF86E
:10B47000073002EB830151F8041C42F823100399B2
:10B480009DF8072001EB820111ED011A90ED000AF1
:10B4900030EE010A80ED000AFFE79DF80700013851
:10B4A0008DF80700DCE700980499039A116090ED8D
:10B4B000021A90ED000A30EE010A80ED000A0298AF
:10B4C00002F014FD41EC100B9FED091B53EC112B06
:10B4D00051EC100B02F062F841EC100B51EC100B28
:10B4E00001F06EFF00EE100A06B080BD00BF00BF85
:10B4F000000000000000344080B582B00190019847
:10B50000009000F0BFFE00984FF48051016602B039
:10B5100080BD000081B00090009991F9420000EEDA
:10B52000100AB8EEC00A9FED141A80EE010A81EDF0
:10B53000000A91F9430000EE100AB8EEC00A80EE4E
:10B54000010A81ED010A91F9440000EE100AB8EEFB
:10B55000C00A80EE010A81ED020A91F9450000EE71
:10B56000100AB8EEC00A80EE010A81ED030A91F8D4
:10B570004600087401B070470000C84281B00090D6
:10B580000098007C01B0704781B00090009890ED69
:10B59000000A01B07047000081B00090009890ED63
:10B5A000010A01B07047000080B584B00390029199
:10B5B00003990091886C0130886400200190FFE7B6
:10B5C000019809280CDCFFE700990298019A805C39
:10B5D000114481F83E00FFE7019801300190EFE748
:10B5E0000098FFF797FF04B080BD000081B0009085
:10B5F000009890ED020A01B07047000085B00490F9
:10B600000391029200208DF807000090FFE7009858
:10B61000029988420DDAFFE703980099415C9DF892
:10B62000070008448DF80700FFE7009801300090FC
:10B63000EDE79DF8070005B07047000083B0029069
:10B64000019102980090019843F21851C2F2000152
:10B65000884207D1FFE7009941F62020C2F200009E
:10B660004862FFE703B0704781B000900098002166
:10B670008164C16401B0704781B00090009890ED82
:10B68000EA0A01B07047000082B001908DED000A17
:10B6900001990098C1F8E00302B0704782B00190B0
:10B6A0008DED000A01990098C1F8E40302B07047DB
:10B6B00080B594B013901398059090F8DC03014680
:10B6C000069128B1FFE706980138032815D3BFE19A
:10B6D00000201290FFE7129803280DDCFFE7059A7F
:10B6E0001298E82100FB01200021FFF73DFEFFE753
:10B6F000129801301290EEE7AAE1059890EDE80A61
:10B70000B5EE400AF1EE10FA0AD0FFE7059901F50F
:10B710007870D1EDE80AB1EE600AFCF71DFBFFE797
:10B72000059890EDE90AB5EE400AF1EE10FA0AD05C
:10B73000FFE7059901F57970D1EDE90AB1EE600AEC
:10B74000FCF70AFBFFE7059890EDEA0AB5EE400A20
:10B75000F1EE10FA0AD0FFE7059901F57A70D1ED04
:10B76000EA0AB1EE600AFCF7F7FAFFE742F6786002
:10B77000C2F200000078BFF35F8FC007F8B9FFE79F
:10B7800042F67860C2F2000000F078FEB8B1FFE740
:10B79000B0EE000A8DED040A00F0BCFD9DED041A28
:10B7A00080EE010A42F68C60C2F2000080ED000AD1
:10B7B00042F67860C2F2000000F076FEFFE70598DE
:10B7C00042F68C61C2F20001039191ED001A90EDF6
:10B7D000F82A90EDF93A90EDFA0A21EE022A21EECC
:10B7E000031A31EE421A9FED9B2A20EE020A30EE38
:10B7F000010A8DED110A91ED003A90EDF81A90EDE5
:10B80000F94A90EDFA0A23EE411A23EE043A31EE9A
:10B81000431A20EE020A30EE010A8DED100A91ED76
:10B82000003A90EDF81A90EDF94A90EDFA0A23EEFD
:10B83000011A23EE043A31EE431A20EE020A30EEEA
:10B84000010A8DED0F0A91ED001A90EDF83A90ED96
:10B85000F94A90EDFA0A21EE033A21EE041A31EE8C
:10B86000031A20EE020A30EE010A8DED0E0A9DED5C
:10B87000110AB1EE400AFFF78BFD0598E830009001
:10B880009DED100AB1EE400AFFF782FD059800F524
:10B89000E87001909DED0F0AB1EE400AFFF778FDC8
:10B8A000059800F52E7002909DED0E0AB1EE400A4B
:10B8B000FFF76EFD0598FFF763FD0098B1EE400AB3
:10B8C0008DED0D0AFFF75CFD0198B1EE400A8DED9C
:10B8D0000C0AFFF755FD0298B1EE400A8DED0B0AF8
:10B8E000FFF74EFD03990598B1EE400A8DED0A0A67
:10B8F0009DED0A0A9DED0D1A30EE410A9DED0B1AE1
:10B900009DED0C2A31EE421A30EE010A91ED001A3B
:10B91000B1EE002A21EE021A80EE010A80EDF20A51
:10B920009DED0D0A9DED0C1A30EE410A9DED0A1AAF
:10B930009DED0B3A31EE431A30EE010A91ED001AFB
:10B9400021EE021A80EE010A80EDF30A9DED0D0A48
:10B950009DED0C1A30EE010A9DED0B1A30EE010A36
:10B960009DED0A1A30EE010A9FED3B1A80EE010AA6
:10B9700080EDF40A41F26F21C3F6832109914DF263
:10B980000A71C3F62341089190EDF20A00F0B8FC69
:10B990009FED321AB4EE410AF1EE10FA05DAFFE734
:10B9A00005990020C1F8C803FFE7059890EDF30A58
:10B9B00000F0A6FC9FED291AB4EE410AF1EE10FA50
:10B9C00005DAFFE705990020C1F8CC03FFE70599E8
:10B9D00091EDF01A91EDF22A91EDF50A30EE020A9E
:10B9E000B6EE003A20EE030A9FED1D2A20EE020A71
:10B9F00030EE010A81EDF00A91EDF11A91EDF34A72
:10BA000091EDF60A30EE040A20EE030A20EE020A57
:10BA100030EE010A81EDF10AD1F8C803C1F8D40370
:10BA2000D1F8CC03C1F8D80300200790FFE70798AE
:10BA300003280CDCFFE7059A0798E82100FB0120AA
:10BA4000FFF7B0FCFFE7079801300790EFE7FFE74B
:10BA500014B080BDBA490C3EBA490C3F0AD7233C0A
:10BA60006F12833A81B00090009890EDF00A01B017
:10BA70007047000081B00090009890EDF10A01B08D
:10BA80007047000081B00090009890EDE80A01B086
:10BA90007047000081B00090009890EDE90A01B075
:10BAA0007047000082B001908DF8031001999DF855
:10BAB000030081F8DC0302B07047000080B584B059
:10BAC000039003980090FFF7F3FD00200290FFE73A
:10BAD0000298032800F3A980FFE7009A0298E82162
:10BAE00000FB0120FFF738FCADF80600029840BBD0
:10BAF000FFE7BDF90600B0F1FF3F11DCFFE7BDF93C
:10BB00000600404243F24821C2F20001096848633E
:10BB100043F29020C2F200000168002048630FE069
:10BB200043F24820C2F20000016800204863BDF9DA
:10BB3000060043F29021C2F2000109684863FFE762
:10BB40006EE00298012820D1FFE7BDF90600B0F1B0
:10BB5000FF3F0DDCFFE743F2D041C2F200010A686B
:10BB600000205063BDF906004042096888630BE07D
:10BB7000BDF9061043F2D040C2F2000002685163E2
:10BB8000016800208863FFE749E00298022820D17D
:10BB9000FFE7BDF90600B0F1FF3F0DDCFFE7BDF99F
:10BBA0000600414243F20020C2F2000002689163A5
:10BBB0000168002048630BE043F20021C2F200015B
:10BBC0000A6800209063BDF9060009684863FFE732
:10BBD00024E00298032820D1FFE7BDF90600B0F168
:10BBE000FF3F0DDCFFE743F20021C2F200010A68CB
:10BBF00000201064BDF9060040420968C8630BE0EC
:10BC0000BDF9061043F20020C2F200000268116480
:10BC100001680020C863FFE7FFE7FFE7FFE7FFE7F2
:10BC2000FFE702980130029052E704B080BD0000A7
:10BC300080B594B013908DED120ACDED110A8DED03
:10BC4000101A139804901299C0F8A0131199C0F813
:10BC5000A4131099C0F8A81343F26831C2F200018E
:10BC60004AF2280200924FF6FF730193B7EE000AE2
:10BC70008DED020ADFED560ACDED030AFFF7B2FBA8
:10BC8000009A019B9DED020ADDED030A0498E8305D
:10BC9000059043F2B031C2F20001FFF7A3FB009A16
:10BCA000019B9DED020ADDED030A049800F5E870A2
:10BCB000069043F2F831C2F20001FFF793FB009ABD
:10BCC000019B9DED020ADDED030A049800F52E703C
:10BCD000079043F24041C2F20001FFF783FB049852
:10BCE0009FED3C0A8DED080ADFED3B0ACDED090A18
:10BCF000B1EE041A8DED0A1A9FED382A8DED0B2A4C
:10BD0000DFED372ACDED0C2ADFED364ACDED0D4AB9
:10BD10009FED355A8DED0E5A00210F91F0EE451A28
:10BD2000B0EE453AF0EE453AB0EE454A00F05EFA24
:10BD300005989DED080ADDED090A9DED0A1A9DEDB5
:10BD40000B2ADDED0C2ADDED0D4A9DED0E5A0F9903
:10BD5000F0EE451AB0EE453AF0EE453AB0EE454AFF
:10BD600000F044FA06989DED080ADDED090A9DED04
:10BD70000A1A9DED0B2ADDED0C2ADDED0D4A9DED35
:10BD80000E5A0F99F0EE451AB0EE453AF0EE453AEC
:10BD9000B0EE454A00F02AFA07989DED080ADDED5D
:10BDA000090A9DED0A1A9DED0B2ADDED0C2ADDED49
:10BDB0000D4A9DED0E5A0F99F0EE451AB0EE453A38
:10BDC000F0EE453AB0EE454A00F010FA14B080BDEE
:10BDD0009A99993D0050C3470000C8420000FA44B8
:10BDE00000409C466F12833A0000000082B0019030
:10BDF0008DED000A01990098C1F8E80302B0704780
:10BE000080B586B00490049801460191059000F534
:10BE1000687102910390FFE703980090FFF76CFBB5
:10BE20000098029A00F1E801084691420390F3D18C
:10BE3000FFE701994FF08140C1F8AC030020C1F841
:10BE4000C003C1F8C403C1F8C803C1F8CC03C1F8EA
:10BE5000D003C1F8D403C1F8D803012281F8DC2350
:10BE6000C1F8E003C1F8E403C1F8E803059806B09F
:10BE700080BD000082B001908DF80310019991F807
:10BE80005120002001F8320091F8512001EBC2024C
:10BE900050609DF80320012001F832009DF8030056
:10BEA00081F8510002B0704781B00090009890F87E
:10BEB000510001B07047000084B003908DF80B1062
:10BEC0008DF80A20039900919DF80B0081F850002D
:10BED0009DF80A0081F8510000200190FFE70099C9
:10BEE000019891F8501088420EDAFFE70099019A04
:10BEF000002001F83200019A01EBC2014860FFE71F
:10BF0000019801300190EAE700999DF80A2001208C
:10BF100001F8320004B0704781B000900098002111
:10BF200080F8511001B0704782B001908DED000A89
:10BF300001990098C86402B07047000080B58AB0CB
:10BF400009900998019000210891079106910591A7
:10BF500090ED130A90ED141A30EE410A8DED040AAB
:10BF60009DED040AFCF74EF901988DED030A9DED55
:10BF7000030A90ED011AB4EE410AF1EE10FA07DA65
:10BF8000FFE70199086DC864002004900390FFE763
:10BF9000019890ED0A0A9DED041A20EE010A8DED3C
:10BFA000080A90ED100AB5EE400AF1EE10FA0DD134
:10BFB000FFE7019890ED110AB5EE400AF1EE10FA94
:10BFC00004D1FFE74FF07E50029044E001989DEDD0
:10BFD000030A90ED101AB4EE410AF1EE10FA04DCF7
:10BFE000FFE74FF07E50029026E0019890ED100A96
:10BFF0009DED031AB4EE410AF1EE10FA1BDAFFE7E9
:10C0000001989DED030A90ED111AB4EE410AF1EE8C
:10C0100010FA10DAFFE7019890ED102A90ED111A4E
:10C020009DED030A31EE400A31EE421A80EE010A1C
:10C030008DED020AFFE7FFE701989DED030A90ED01
:10C04000111AB4EE410AF1EE10FA03DBFFE700200B
:10C050000290FFE7FFE7019890ED0E0AB5EE400A67
:10C06000F1EE10FA10D0FFE7019901F1540091EDC3
:10C070000B2A91ED0E1AB1EE410A80EE020AC1EED2
:10C08000020AFBF769FEFFE7019890ED120AB5EE90
:10C09000400AF1EE10FA1AD1FFE701989DED020A6D
:10C0A00090ED002A90ED151A20EE020A9DED042A6B
:10C0B00020EE020A30EE010A80ED150A90ED0B0A1F
:10C0C00090ED151A20EE010A8DED070A2AE001987D
:10C0D0009DED030A90ED121AB4EE410AF1EE10FA4A
:10C0E0001ADAFFE701989DED020A90ED002A90ED23
:10C0F000151A20EE020A9DED042A20EE020A30EE07
:10C10000010A80ED150A90ED0B0A90ED151A20EE4C
:10C11000010A8DED070A04E00199002048650790A7
:10C12000FFE7FFE7019807994162007A90B9FFE7BE
:10C13000019890ED001A90ED063A90ED0C0A9DEDF5
:10C14000042A32EE432A20EE020A80EE010A8DED27
:10C15000060A11E0019890ED001A90ED053A90ED75
:10C16000082A90ED0C0A32EE432A20EE020A80EEF5
:10C17000010A8DED060AFFE7019890ED042A90ED83
:10C180000D1A90ED130A30EE420A20EE010A8DEDF1
:10C19000050A9DED080A9DED071A30EE010A9DED96
:10C1A000061A30EE010A9DED051A30EE010A80ED07
:10C1B000080A90ED0F0AB5EE400AF1EE10FA0AD027
:10C1C000FFE7019901F12000D1ED0F0AB1EE600AFD
:10C1D000FBF7C2FDFFE70199086DC860C86C0861F4
:10C1E000086A4861049888610AB080BD8EB002AACE
:10C1F0000092024600980D9280ED0A0AC0ED090AED
:10C2000080ED081AC0ED071A80ED062AC0ED052A58
:10C2100080ED043AC0ED033A80ED024AC0ED014AD8
:10C2200080ED005A8DF807100D990C9888620B98D4
:10C23000C8620A9808630998486308988863079851
:10C24000C8630398086002984860069808640598D7
:10C250004864049888649DF8070008720EB070471F
:10C2600081B00090009890ED080A01B0704700007E
:10C2700082B001908DED000A01990098086502B026
:10C280007047000081B0009000980021C1600161FA
:10C2900041618161C161016241628162C162016388
:10C2A00041638163C163016441648164C164016568
:10C2B000416501B07047000080B584B08DED020B80
:10C2C0008DED001B9DED020B9DED001B00F008F9AC
:10C2D00004B080BD80B584B003900291039801F052
:10C2E000B7FA41EC100B8DED000B029801F0B0FA9B
:10C2F0009DED000B41EC110BFFF7DEFF04B080BD9C
:10C3000081B08DED000A9DED000AB0EEC00A01B0CB
:10C310007047000080B582B08DED010A9DED010AE5
:10C3200000F00EFF02B080BD81B08DF803009DF9D2
:10C33000030000280ED4FFE79DF9031001F01F024F
:10C34000012090404A094EF20011CEF2000141F85E
:10C350002200FFE701B070474EF60C50CEF200000D
:10C360000068C0F30220704782B08DF8070000918A
:10C370009DF9070000280AD4FFE7009800019DF905
:10C3800007104EF20042CEF2000288540BE00098F3
:10C3900000019DF8071001F00F014EF61452CEF285
:10C3A00000028854FFE702B07047000083B002909B
:10C3B000029800F0070000904EF60C51CEF20001FA
:10C3C0000868019001984FF6FF0210400190019813
:10C3D000009A40EA02200022C0F2FA521043019073
:10C3E0000198086003B0704741F20400CEF20000EB
:10C3F000006842F69461C2F20001086070470000D4
:10C4000080B540F25C10C2F20000FDF7E3FD80BD94
:10C41000F4F782F880B582B000200190F6F73EFC78
:10C42000FAF7D6F9F9F7ACFCF9F744FCF9F782FE14
:10C43000F9F736FFF9F772FFF9F7B0FFF9F7EEFFFA
:10C44000F9F710FCFAF770F8F9F768FDF9F7AEFDA7
:10C45000FAF724F8FAF7D0F8F9F722FEFAF72CF9F0
:10C46000FAF7EAF8F9F736FDF9F7BCFBF9F7E6FD5C
:10C47000FAF702F9FAF76EFEFFE7FEE7017809B175
:10C48000002070474178012903D08A0705D4022291
:10C490004270481E18BF0120704780B54EF64E60AE
:10C4A000C0F60000FFF7B4FF012101704170704732
:10C4B00003B401984100009850EAC12018BF04203D
:10C4C0004A0D18BF40F0010040F2FF72B2EB515F1D
:10C4D00008BF40F00200012808BF052002B07047E5
:10C4E0002DE9F04D2DED040B2DED0E8B94B0DDE913
:10C4F0002350259CDDF888A025F0004624F0004854
:10C50000BAF1000F14BF0121002101EB4502FC49E3
:10C5100053184A1093422AD3002814BF0123002342
:10C5200003EB44030B44F7498B4220D358EA000144
:10C530009FEDF5AB76D0DFF8D8B35D4503D1BAF106
:10C54000000F05D188E0BAF1000F08BF002100D02C
:10C55000012101EB450111F5001F08D8002814BF87
:10C560000121002101EB440111F5001F0BD99DEDC4
:10C57000241B9DED220B14B0BDEC0E8B04B0BDE866
:10C58000F04D00F091BE0027002DBCBFE149884569
:10C5900021DAE1498845A8BF02271CDAC3451ADC25
:10C5A000DE4901EB2851142908DDC1F1340220FADB
:10C5B00002F101FA02F282420DD108E058B9C1F14C
:10C5C000140228FA02F101FA02F2424503D101F005
:10C5D0000101C1F1020756EA0A0124D1002C22DA36
:10C5E000002D18BF022F01D0012F0AD00220F3F72F
:10C5F00056FF14B0BDEC0E8B04B0BDE8F04D00F05A
:10C600003BBE0220F3F74BFF00F036FE51EC100B5F
:10C6100000F0C9FE41EC100B14B0BDEC0E8B04B061
:10C62000BDE8F08D18E09FEDBE9B9FEDBF8B00280D
:10C6300071D1B848804522D105F1804010F58010B5
:10C6400008BFBAF1000F07D0B3450ADC002CA8BF21
:10C650009DED240BE0DA0DE0B0EE4A0AF0EE6A0A36
:10C66000DAE7002C06DA9DED240B51EC100B00F0FC
:10C670009AFE6FE0AE48784490ED000BCCE7D845C9
:10C680004DD1002C48DA2EB186423AD1BAF1000FD2
:10C6900042D126E0BAF1000F13D00220F3F7FFFEDB
:10C6A00000F01EFE8DED020B9DED220B8DED000BBB
:10C6B00010EE900A039961F31E0003909DED020BAA
:10C6C000AAE78DED029B9DED220B19EE901A10EE5C
:10C6D000900A8DED000B61F31E0003909DED020B9F
:10C6E0009AE78DED028B9DED220B18EE901A10EE5D
:10C6F000900A8DED000B61F31E0003909DED020B7F
:10C700008AE709DA9DED220B51EC1A0B53EC102B42
:10C7100000F044FF1EE020E09DED220B7CE7864206
:10C720001BDAB4F1804F0DD0A4F10050B0F1FF50EE
:10C7300013D1002D11DB9DED220B51EC100B00F0FD
:10C74000FBFD07E09DED220B53EC102B51EC100B81
:10C7500000F0CABC41EC100B5EE79DED220B51ECE2
:10C76000100B00F0DDFDBAF1000FCDE90A0142D156
:10C770009FED710B46B3A6F1E040B0F17F600CD0A5
:10C780005E4538D1002D00DAA7B3022F0CBF01207F
:10C790004FF0FF3001F05CF8DCE7002D01DD002CEC
:10C7A0000DDA002D01DD002C1FDB002D16DA002C28
:10C7B00014DB012F08BF9FED620B3FF42DAFB0EEED
:10C7C000490AF0EE690A27E7022F18BF002D0CD0A6
:10C7D000012F0AD1002DFFF61FAF06E0002DB8BFD4
:10C7E000002C08DA012F3FF417AFB0EE480AF0EE44
:10C7F000680A11E71BE0012000EBE57050EA070131
:10C8000015D0791EB0EE4A8AF0EE6A8A084308BF56
:10C810009FED4D8B4E480025804570DD4D494E48BB
:10C82000884514DDB0420DDB002C19DB2FE0012020
:10C83000F3F735FE14B0BDEC0E8B04B0BDE8F04D3F
:10C8400000F03EBDB34502DC002C09DC1FE086424F
:10C8500002DA002C1BDA03E05E452BDD002C16DD2E
:10C860000220F3F71CFE00F03BFD8DED020B53ECB4
:10C87000192B51EC180B01F03FF8CDE90001039999
:10C88000019861F31E0003909DED020BC4E60220A7
:10C89000F3F705FE00F034FD10EE901A18EE900A42
:10C8A0008DED020B8DED008B61F31E0003909DED6D
:10C8B000020BB1E69DED0A0B53EC1A2B51EC100B59
:10C8C00001F026FA9FED260BCDE90A0153EC102B5F
:10C8D0009DED0A0B51EC100B01F00EF89FED221BA1
:10C8E00053EC112B01F03CF99DED0A1B53EC112B7D
:10C8F00001F002F89FED1E1B53EC112B3CE08CE085
:10C90000FFFF1F00FFFF0F00000000000000F03FCE
:10C910000000F03F0000F07F0000404301FCFFFFFB
:10C92000000000000000F07F000000000000000098
:10C93000F61A000000000000000000000000008067
:10C94000000000000000F0FF000000000000F0BF49
:10C950000000E0410000F043FFFFEF3F0000000057
:10C96000000000000000D03F555555555555D53FA6
:10C97000000000000000E03F01F0F2F89DED0A0B1E
:10C9800041EC190B53EC102B51EC100B00F0B4FFE1
:10C9900053EC192B00F0B0FF9DED0A0B41EC1B0B83
:10C9A00053EC102B9FEDFE0B51EC100B00F0A4FF8D
:10C9B00041EC190B9FEDFC0B51EC1B0B53EC102BB6
:10C9C00000F09AFF41EC1B0B9FEDF90B53EC102B81
:10C9D0009DED0A0B51EC100B00F08EFF53EC1B2B5E
:10C9E00001F096F941EC1B0B51EC190B53EC1B2B8E
:10C9F00000F018FD0490CDE904519DED040B53ECBB
:10CA0000192B51EC100B01F083F953EC1B2B01F0A7
:10CA1000A7F841EC100B00F0A9B90020B6F5801F73
:10CA20000EDA9FEDE50B53EC102B9DED0A0B51EC4C
:10CA3000100B00F061FFCDE90A016FF034000E46E3
:10CA400000EB2650A0F2FF37C6F31300DC4940F09C
:10CA50007F6646F040568842D8BF002408DDD94999
:10CA60008142C8BF012403DC0024A6F580167F1C88
:10CA7000D548784400EBC4080B9698ED000B53ECB6
:10CA8000102B9DED0A0B51EC100B01F041F998EDC4
:10CA9000000B41EC1B0B53EC102B9DED0A0B51ECE2
:10CAA000100B00F0BFFC41EC100B51EC1A0B53ECD7
:10CAB000102B00F073FD41EC1C0B51EC1B0B53ECE5
:10CAC0001C2B00F019FF41EC190BC0488DED0E9B9B
:10CAD00078440E9590ED000B4FF0005040EA660050
:10CAE00000EB84408DED120B00F50020139098EDC3
:10CAF000000B53EC102B9DED120B51EC100B01F0C1
:10CB000007F99DED0A1B53EC112B01F029F841ECBC
:10CB1000100B53EC102B9DED0E0B51EC100B00F095
:10CB2000EBFE9DED120B41EC1D0B53EC102B9DED1C
:10CB30000E0B51EC100B00F0DFFE53EC1B2B01F041
:10CB40000FF853EC1D2B01F0E3F853EC1C2B00F015
:10CB5000D3FE41EC1C0B53EC192B51EC190B00F0DC
:10CB6000CBFE41EC1B0B9A480621B0EE4B0AF0EECF
:10CB70006B0A784400F001FBB0EE401AF0EE601A48
:10CB8000B0EE41DAF0EE61DA53EC1B2B51EC1B0BEB
:10CB900000F0B2FE53EC1D2B00F0AEFE9DED0E0B2F
:10CBA00041EC1B0B53EC192B51EC100B00F03AFC31
:10CBB00053EC1C2B00F0A0FE53EC1B2B00F032FCBE
:10CBC0009DED0E0B41EC1B0B53EC102B51EC100B9D
:10CBD00000F092FE41EC1D0B53EC1D2B9FED7EEB04
:10CBE00051EC1E0B00F01EFC53EC1B2B00F01AFC4A
:10CBF0001290CDE912519DED120B53EC1E2B51EC0E
:10CC0000100B01F085F853EC1D2B01F081F853EC6B
:10CC10001B2B00F0A5FF9DED120B41EC1D0B53ECFF
:10CC2000102B9DED0E0B51EC100B00F065FE41EC4E
:10CC30001B0B53EC192B51EC1D0B00F05DFE9DED11
:10CC4000120B41EC190B53EC102B51EC1C0B00F0A8
:10CC500053FE53EC192B00F0E5FB41EC190B51ECA2
:10CC60001B0B53EC192B00F0DDFB0490CDE90451B4
:10CC70009DED040B53EC1B2B51EC100B01F048F80D
:10CC800053EC192B00F06CFF9DED040B41EC190BDC
:10CC900053EC102B9FED520B51EC100B00F02CFEBF
:10CCA00041EC1B0B9FED500B51EC190B53EC102B6F
:10CCB00000F022FE9DED040B41EC190B53EC102B00
:10CCC0009FED4B0B51EC100B00F016FE53EC192BA3
:10CCD00000F0A8FB41EC100B4748784400EBC4007F
:10CCE00090ED001B51EC100B53EC112B00F09AFB54
:10CCF00041EC190B384600F0ABFDCDE90A0153ECCD
:10CD0000192B51EC1B0B00F08DFB41EC100B3B4839
:10CD1000784400EBC40451EC100B94ED001B53EC71
:10CD2000112B00F07FFB9DED0A1B53EC112B00F043
:10CD300079FB0490CDE904519DED0A0B53EC102BC7
:10CD40009DED040B51EC100B00F0E2FF94ED001B85
:10CD500053EC112B00F0DCFF53EC1B2B00F0D8FF41
:10CD600053EC192B00F0FCFE41EC100B9DED241B45
:10CD700053EC102B8DED001B00959DED240B51EC19
:10CD8000100B00F0B9FD9DED000B41EC190B53ECBD
:10CD9000102B9DED240B51EC100B00F0B9FF2FE090
:10CDA000000000604715F73FFE822B654715F73FEF
:10CDB00044DF5DF80BAE543E00000000000040432D
:10CDC0008E9803007AB60B00721600009C160000C5
:10CDD000A215000000000000000000000000084054
:10CDE000000000E009C7EE3FFD033ADC09C7EE3F53
:10CDF000F5015B14E02F3EBE2A140000E41300008E
:10CE00009DED041B53EC112B00F076FD53EC192B18
:10CE100000F008FB9DED040B41EC190B53EC102BBB
:10CE20009DED000B51EC100B00F066FDCDE9040107
:10CE30009DED040B51EC190B53EC102B00F0F2FAA2
:10CE4000CDE902010C46AA498C422FDB611A084346
:10CE500018D19DED040B53EC102B9DED020B51EC02
:10CE6000100B00F055FF41EC1B0B9FEDA30B51EC99
:10CE7000190B53EC102B00F0D5FA53EC1B2B00F0E0
:10CE800039FE2DD20220F3F70AFB00F029FA10EE4A
:10CE9000901A18EE900A8DED020B8DED008B61F368
:10CEA0001E0003909DED020BFFF7B6BB944A24F0E1
:10CEB0000041914214D39349214408437FF4E7ACE5
:10CEC0009DED040B53EC102B9DED020B51EC100B60
:10CED00000F01EFF53EC192B00F00CFE7FF6D7ACD0
:10CEE00024F000408849894A002601EB2051824203
:10CEF0002BDA481C4FF4801121FA00F02044844AB8
:10CF0000C0F30A517A44A1F2FF3192ED000B814A3D
:10CF10008DED0A0BCA4020EA0202C0F3130040F470
:10CF20008010C1F1140120FA01F60B92002CB8BF59
:10CF300076429DED0A0B53EC102B9DED040B51EC4A
:10CF4000100B00F0E5FECDE904019DED040B51EC62
:10CF5000190B53EC102B00F065FA9FED6F0B0A9044
:10CF6000CDE90A5153EC102B9DED0A0B51EC100B3F
:10CF700000F0C2FC41EC1B0B9FED690B53EC102B36
:10CF80009DED0A0B51EC100B00F0B6FC9DED040B6F
:10CF900041EC1C0B53EC102B9DED0A0B51EC100BCC
:10CFA00000F0B6FE53EC192B00F0DAFD9FED5E1B8E
:10CFB00053EC112B00F0A0FC53EC1C2B00F032FAC8
:10CFC00041EC190B51EC1B0B53EC192B00F02AFA16
:10CFD000CDE902019DED020B53EC1B2B51EC100B24
:10CFE00000F096FE53EC192B00F0BAFD9DED020BFC
:10CFF00041EC190B53EC102B51EC100B00F07CFCA6
:10D00000CDE90A014A489DED0A0B0521784400F05C
:10D01000B4F89DED0A1B51EC100B53EC112B00F0F2
:10D020006BFC9DED021B53EC112B00F099FDCDE93B
:10D0300004019DED020B53EC192B51EC100B00F089
:10D040005BFC53EC192B00F0EDF99FED3B0B41EC31
:10D05000190B53EC102B9DED040B51EC100B00F051
:10D0600057FE9DED040B41EC1B0B53EC102B9DED7B
:10D07000020B51EC100B00F03FFC53EC1B2B00F0AB
:10D080008DFA53EC192B00F043FE9DED021B53EC7F
:10D09000112B00F03DFE53EC1A2B00F061FDCDE9A1
:10D0A000020101EB065001150029C8BF039015DCF1
:10D0B0009DED020B324651EC100B00F0CCFFFFF758
:10D0C000F7F9042808BF00F01BF932469DED020B6A
:10D0D00051EC100B00F0BFFFCDE902019DED020BFA
:10D0E00051EC180B53EC102B00F006FCFFF732BB91
:10D0F0000000904000000000FE822B654715973C21
:10D1000000CC904000346F3F01FCFFFF0000E03F87
:10D1100068120000FFFF0F0000000000432EE63FF2
:10D12000396CA80C615C20BEEF39FAFE422EE63F56
:10D130003811000000000000000000000000004066
:10D1400010B52DED028BB1EEC08A18EE100A20F05A
:10D150000040C0F1FF40C00F0AD010EE100A20F0CE
:10D160000040C0F1FF40C00F04BF0120F3F797F962
:10D17000B0EE480ABDEC028B10BD70B504462DED33
:10D18000028B4D1E00EBC500B0EE408AF0EE608AC7
:10D1900090ED000B35F0060017D053EC182B51EC36
:10D1A000100B00F0A9FB41EC100B6D1E04EBC50049
:10D1B00090ED001B51EC100B53EC112B00F032F9E9
:10D1C00041EC100B35F00600E7D1022D36D0042DCE
:10D1D0001CD0062D1CBFBDEC028B70BD53EC182B70
:10D1E00051EC100B00F088FB94ED0A1B53EC112B53
:10D1F00000F018F953EC182B00F07EFB94ED081B9F
:10D2000053EC112B00F00EF941EC100B53EC182BE2
:10D2100051EC100B00F070FB94ED061B53EC112B3E
:10D2200000F000F953EC182B00F066FB94ED040BB2
:10D2300053EC102B00F0F6F841EC100B53EC182BCC
:10D2400051EC100B00F058FB94ED021B53EC112B2A
:10D2500000F0E8F853EC182B00F04EFB94ED001BA7
:10D2600053EC112B00F0DEF8BDEC028B41EC100BFF
:10D2700070BD0000000000009FED070B10B553ECDF
:10D28000102B9FED070B51EC100B00F087F941ECD0
:10D29000100B10BD000000000000000000000000A6
:10D2A000000000000000F03F10B553EC112B51ECD2
:10D2B000100B00F0B7F841EC100B10BD000000009F
:10D2C0009FED050B10B553EC102B51EC100B00F03B
:10D2D00065F941EC100B10BD0000000000000000DB
:10D2E0009FED050B10B553EC102B51EC100B00F01B
:10D2F00003FB41EC100B10BD0000000000000070AB
:10D300009FED050B10B553EC102B51EC100B00F0FA
:10D31000F3FA41EC100B10BD0000000000000010FB
:10D3200082B0CDE9000121F0004001909DED000B9D
:10D3300002B051EC100B704700B52DED048B83B09B
:10D3400041EC190B00F018FC41EC180B18EE100A18
:10D3500018EE901A8DED008B002818BF01200843AD
:10D3600020F00040C0F17F6000F1E040C00F14D019
:10D3700019EE101A19EE900A8DED009B002918BFC6
:10D380000121084320F00040C0F17F6000F1E0403F
:10D39000C00F04BF0120F3F782F851EC180B03B063
:10D3A000BDEC048B00BD81F00041704780F000406F
:10D3B000704721F00041704720F0004070470000A6
:10D3C00021F0004201F00043A2F16052B2F5801F4B
:10D3D00028BFD2F17F6C0BD95FEA001C43EAC2027E
:10D3E00042EB507018BF704728BF20F00100704713
:10D3F000B2F5801FBCBF184670474FEA410C1CF5C0
:10D40000001F02D2084600F0EFBD70B500F01EFB11
:10D4100000000089FFF7F6BF4FF00040A0F5800044
:10D420007047000010B591EA030F48BF83F0004336
:10D4300000F17684841A71EB030C05D2121943EBC8
:10D440000C03001B61EB0C014FEA1154A4EB135CBD
:10D45000DFF81CE11EEA430F18BF9EEA445F00F0AC
:10D46000748021EA045123EA0E0343F48013DCF1B3
:10D47000200E32D322FA0CFE10EB0E0023FA0CFE23
:10D4800041EB0E01CCF1200E03FA0EFE10EB0E0064
:10D49000CCF1200E51F10001B1F5801F32D201EB29
:10D4A000045112FA0EF2BDE8104058BF7047401CFC
:10D4B00038BF5FEA420218BF7047002814BF20F04F
:10D4C000010041F100014FEA410313F5001F38BF8D
:10D4D0007047A1F1C04100F007BB012A43EB0302F2
:10D4E000ACF1200CDCF11F0E32BF4FF0000E23FA1E
:10D4F0000CF310EB030041EB0451B4EB115FD0D0FF
:10D50000A1EB045101F58011490801EB04515FEAD8
:10D5100030000ED350F1000038BF12FA0EFE08D1D1
:10D52000BDE81040C9E7401C38BF5FEA4202CAD1DB
:10D53000C3E7BDE810404FEA410313F5001F38BFB1
:10D540007047A1F1C04100F0CFBA9EEA445F08D015
:10D5500011EA5E0FBDE8104004BF01F00041002059
:10D560007047BDE8104070B500F070FA64FBBE3E35
:10D570000000E0FF02494FF0000000F03ABD00BF9C
:10D580000000F87F491058BFC1F140415B1058BFFF
:10D59000C3F140438B42EFF3008070472DE9C04157
:10D5A00030B4DFF8A4C23CEA111418BF3CEA1314EB
:10D5B00000F0ED801CEA111481EA030544EAD574F9
:10D5C00018BF1CEA131500F0C880A4EB050404F191
:10D5D0007F7404F500344FF0004545EAC12145EA67
:10D5E000C32341EA505143EA52534FEAC0204FEA65
:10D5F000C222994208BF904200F09D804FEA136515
:10D600000FF24416765D4FEA134506FB05F7C7F1A6
:10D61000807706FB07F74FEAD737A7FB0368764208
:10D62000A7FB06CEC8F5803838BFA8F1010807FB74
:10D6300008E6A6FB028C4FF0000EE6FB03CEDCF101
:10D64000000CCEF1004E38BFAEF1010EA6FB0C5817
:10D650004FF00007E6FB0E87A1FB08C6A0FB07CE34
:10D6600016EB0E064FF0000545F10005E1FB0765DE
:10D6700015F1E04E7EBFA4F580345FEA46066D41A9
:10D6800016F1800745F100054FEA172747EA0567BD
:10D690004FEA15254FEA0666A6F1DE46B6F1805F31
:10D6A00020D9384605EBC47124F0010C01EB0C11B4
:10D6B000BCF1FE6F02D8F0BCBDE8008124425CBF23
:10D6C00001F5801E9EEAC47F02D4F0BCBDE8008153
:10D6D000244200F13980A1F1C041F0BCBDE8004115
:10D6E00000F002BA4FEAD02040EA41504FEAD1217F
:10D6F0004FEAD22242EA43524FEAD323A7FB0286E3
:10D7000007FB036605FB02661EEA0E0F58BFA6EB79
:10D710000056B6EB00564FEA520E4EEAC37E18EBA7
:10D720000E0E56EB530EBCD518EB02085E417F1C63
:10D7300055F10005B5E74FF480154FF000074FF0A5
:10D7400000064FF00008ACE701F1C04101F00041D4
:10D750004FF00000F0BCBDE800810CEA131511EA9F
:10D760000C1F00D00CE013EA0C1F00F026804FF0D5
:10D77000000081EA030101F00041F0BCBDE8008136
:10D78000F0BCBDE8004181EA030100F0ADB9F0BC96
:10D79000BDE8004170B500F059F900BF097EFC3EBC
:10D7A00000F007B84FF0000081EA030101F00041EA
:10D7B000704781EA030100F097B9F0BCBDE8004171
:10D7C00022494FF000007047FFFDFBF9F7F5F4F236
:10D7D000F0EEEDEBE9E8E6E4E3E1E0DEDDDBDAD80C
:10D7E000D7D5D4D3D1D0CFCDCCCBCAC8C7C6C5C46A
:10D7F000C2C1C0BFBEBDBCBBBAB9B8B7B6B5B4B381
:10D80000B2B1B0AFAEADACABAAA9A8A8A7A6A5A46B
:10D81000A3A3A2A1A09F9F9E9D9C9C9B9A9999982F
:10D820009797969595949393929191908F8F8E8ED2
:10D830008D8C8C8B8B8A898988888787868585845F
:10D8400084838382828181800000FF070000F87F4B
:10D8500010F0004248BF4042B0FA80F310FA03F1E2
:10D860000AD0C3F11D0303F5806302EB03524FEAB4
:10D87000415002EBD12170474FF00000704700008B
:10D8800051EA030C17D41CF5801F58BFBCF5801F4C
:10D8900000F10680994218BF704708BF9042704758
:10D8A00007D711F5801F58BF13F5801F19D499426F
:10D8B0007047894270471CF5801F08D5BCF5801F52
:10D8C000F7D58B4218BF704708BF824270474FF4AC
:10D8D000001C1CEB410F38BF1CEB430F01D28B42E5
:10D8E000704770B500F0B2F8922449004FF0005133
:10D8F0004FF08053FFF746BE70B5DFF848C11CEA11
:10D90000111E1EBF1CEA13159EEA0C0F95EA0C0FA0
:10D9100000F06F8081EA03044EEAD47EAE4421EA2F
:10D920004C1123EA4C1341F4801143F48013AEF1FF
:10D930007F7EA1FB024CA0FB0365361955EB0C055D
:10D94000A1FB034C4CF10003A0FB021C16EB0C06E0
:10D95000654153F10003094218BF46F0010613F474
:10D96000007F0BD14FEA03314FEA053041EA1551F0
:10D9700040EA165034036FF003020AE04FEAC32175
:10D980004FEAC52041EA555140EA5650F4026FF083
:10D99000020202EB2E4201EB025585EACE710AD05B
:10D9A0005FEA440C18BF24F0004450F1000041F13C
:10D9B000000120EAD47040F2FE7C624500D270BDC6
:10D9C000A84214BF4FF080444FF04044002E08BFDF
:10D9D0000024BEF1806FA8BFA1F1C041BDE8704036
:10D9E00080F2828001F1C04101F000414FF000005F
:10D9F00070470CEA13159EEA0C0F18BF95EA0C0F3E
:10DA000006D081EA030E4FF000000EF0004170BD19
:10DA100000F01CF88900013E00F007B800F009B8DA
:10DA20004FEA430C5FEA5C5C08D081EA030100F036
:10DA30005BB84FEA410C5FEA5C5CF6D102494FF0FB
:10DA4000000070470000FF070000F87F0EF1020E93
:10DA50002EF0030E5EF8046B364205D4012A43EB28
:10DA6000030515F5001F12D8012841EB010C1CF528
:10DA7000001F0CD80ED14FEAD17C0CEB4C0C0CF1F2
:10DA8000020C15F5001F08BF4CEBD37C04E04FF0EF
:10DA9000080C01E04FEAD37C0CEB4C0526FA05F6A6
:10DAA00006F00706B6F1040C06D20EEB860CBDE8B4
:10DAB00070404CF0010C6047DFE80CF0090B0202EB
:10DAC0004FF00041A1F500214FF0000070BD194654
:10DAD0001046012851EB010418BFD4F5001484BF8F
:10DAE000002001F0004170BD0808A0F500114FEAC8
:10DAF0003101704753EA010C17D41CF5801F58BF41
:10DB0000BCF5801F00F106808B4218BF704708BF2C
:10DB10008242704707D713F5801F58BF11F5801F49
:10DB200019D48B4270479B4270471CF5801F08D563
:10DB3000BCF5801FF7D5994218BF704708BF9042C7
:10DB400070474FF4001C1CEB430F38BF1CEB410F18
:10DB500001D2994270470FB40CBC03BCFFF7C1BEA1
:10DB600010B591EA030F81F000413FF563AC83F0FB
:10DB7000004300F0D5B800002DE9F04101F5801C0C
:10DB8000BCF5001FC0F2A9804FEA115C21EA0C51DC
:10DB900041F480110CF1FD0C5FEA5C0C0CF5C07CCB
:10DBA00001D340004941890241EA905187022EA4E5
:10DBB0008E0EA45D0A0C04FB04F602FB06F6C6F109
:10DBC0004046A4FB0662F60D46EA422606FB06F432
:10DBD000A4FB01235242C3F1404338BF5B1EA6FBA6
:10DBE00002420024E6FB0324D20B42EA4446A6FB91
:10DBF0000623A1FB02E2A3FB07E4E3FB61426442CC
:10DC0000C2F1404E38BFAEF1010EA6FB04234FF027
:10DC10000002E6FB0E32A2FB03463400E2FB626424
:10DC2000A1FB06E6A4FB07E8E4FB61687642C8F1C5
:10DC3000405838BFA8F10108A2FB06E4A3FB08E5A1
:10DC4000E2FB6854A1FB05E6A7FB04E8E1FB648660
:10DC500018F1200556F10006A80940EA8660B109CE
:10DC6000A8F11B0808F03F08B8F10A0F1CD901EB16
:10DC70000C51BDE8F08100BFFCF5EEE8E2DDD8D341
:10DC8000CFCBC7C3C0BDB9B6B4B1AEACA9A7A5A32D
:10DC9000A19F9D9B9A9896959392908F8D8C8B893E
:10DCA0008887868584838281A0FB006800FB01F25F
:10DCB00008EB4208B8EB872807D5341858EB010465
:10DCC000D5D5401C51F10001D1E7341A78EB01049D
:10DCD000CDD4401E71F10001C9E75FEA4C0C5FEA48
:10DCE0009C5C0DD105D301F000414FF00000BDE870
:10DCF000F081BDE8F04170B5FFF7A8FE6DDBFFBE17
:10DD0000BDE8F04101494FF0000070470000F87F86
:10DD100010B591EA030F48BF83F000433FF58AAB8B
:10DD2000841A71EB030C07D28CF0004C121943EBF0
:10DD30000C03001B61EB0C014FEA1154A4EB135CC4
:10DD4000DFF8A4E11EEA430F18BF9EEA445F00F02B
:10DD5000B48021EA045123EA6E035242C3EB6E03FE
:10DD600038BF5B1EDCF1200E25D322FA0CFE10EB2F
:10DD70000E0043FA0CFE41EB0E01CCF1200E03FA2B
:10DD80000EFE10EB0E00CCF1200E51F1000129D453
:10DD900001EB045112FA0EF2BDE8104058BF704773
:10DDA000401C1CBFB2F1004F704700280CBF491C3B
:10DDB00020F00100704712EB020E43EB030218BF84
:10DDC0004FF0010E4EEA4202ACF1200CDCF11E0EC7
:10DDD00056D943FA0CFE10EB0E00CCF11E0E51F199
:10DDE000FF31D5D50EF1010E12FA0EFE404141EB86
:10DDF000010101EB445C5FEA5C5C10D901EB04516A
:10DE000010EBDE7038BFBEF1004FBDE8104018BF08
:10DE1000704700280CBF491C20F00100704734D225
:10DE20004FEAD42C24F4006411F500111BD0B1FA90
:10DE300081F20B3AA41AA41ED2F12003914030FAC9
:10DE400003F31943904001EBCC7101EB0451002C1A
:10DE5000BDE81040A8BF704701F1C04101F000418A
:10DE60004FF000007047B0FA80F310FA03F102D1CE
:10DE7000BDE810407047E41A173C4805C90AE2E7BC
:10DE800001EB0451BDE81040704749104FEA3000E3
:10DE900001EB0451BDE8104002E04FF00001704773
:10DEA0004A0008BF0042F8D0B2F5001F28BF7047F3
:10DEB00001F000414FF0000070479EEA445F07D038
:10DEC00011EA5E0FBDE8104004BF0021002070473A
:10DED000BDE8104070B5FFF7B9FD00BF40DFF63E6A
:10DEE000104683F0004170470000E0FF43004FEA16
:10DEF000D30C4FEA3C0C43401FBF40070CF160516C
:10DF000013F0FE4F70471CF0006F03D10CF000417E
:10DF1000002070470CF0004343EA507040EACC0008
:10DF200010B500F00EF800BF000000924FEA0001AB
:10DF3000FFF7DABD4FF00041A1F500214FF00000DE
:10DF400070470EF1020E2EF0030E5EF8044B2442D1
:10DF500004D44FEA4102B2F17F4F11D84FEA400397
:10DF6000B3F17F4F0CD80ED14FEAD07C0CEB4C0CA8
:10DF70000CF1020CB2F17F4F08BF4CEBD17C04E0F6
:10DF80004FF0080C01E04FEAD17C0CEB4C0324FA73
:10DF900003F404F00704B4F1040C06D20EEB840C75
:10DFA000BDE810404CF0010C6047DFE80CF00708BA
:10DFB00002024FF00040A0F5800010BD084642006C
:10DFC00018BFD2F1807288BF00F0004010BDF1EEA2
:10DFD000100A4FF6FF71C0F2C03120EA010040F094
:10DFE0004070E1EE100A7047FF2141EAD050C005B1
:10DFF00070470CF00F03092B08BF082000F0598070
:10E000000A2B0BD0082B18BF704708BF1CF0400F1D
:10E010000AD04FF000004FF0000170471CF0400F95
:10E0200018BF4FF0004070471CF0100F08D000F0F0
:10E030007F4220F0704342EAD3014FEA43707047B9
:10E0400000F0604021F07F4242EA000201F07F4090
:10E0500040EA727070474FF0FF0C4CF4E06C1CEA21
:10E0600011531CBF9CEA030C9445C2BFDA4201EB7A
:10E0700002517047002B0DD0BCF1000F0FD001F002
:10E080000041002AA4BF41F0E04141F07F614FF020
:10E090000000704701F000414FF00000704750EA67
:10E0A00001334FF09B0C18BF4CF0806C7FF462AAD8
:10E0B00070471CF4801F11D01CF4E02F03D06FEACE
:10E0C000CC31490070474FF04050EFF3008222F00E
:10E0D000704242EA000282F3008870474FF000006D
:10E0E0007047000000000000000000000000F03F4A
:10E0F000000000000000F83F0000000000000000E9
:10E100000000004003B8E23F0000000000000000F3
:10E1100006D0CF43EBFD4C3E033333333333E33F81
:10E12000FFAB6FDBB66DDB3F4D268F515555D53FAD
:10E1300001411DA96074D13F65DBC9934A86CD3F7B
:10E14000EF4E454A287ECA3F3E5555555555C53F69
:10E1500093BDBE166CC166BF2CDE25AF6A56113F5B
:10E16000F16BD2C541BDBBBED0A4BE726937663E5D
:10E17000000000000000000000000000000000009F
:10E18000010203040607080900000000010203045D
:10E1900000061016000610160000891112239B328B
:10E1A0002446AD573665BF74488CC19D5AAFD3BE67
:10E1B0006CCAE5DB7EE9F7F88110080193331A2277
:10E1C000A5562C47B7753E64C99C408DDBBF52AE47
:10E1D000EDDA64CBFFF976E802218B301002991357
:10E1E0002667AF763444BD554AADC3BC588ED19F27
:10E1F0006EEBE7FA7CC8F5D983310A209112180337
:10E20000A7772E66B5543C45CBBD42ACD99E508F06
:10E21000EFFB66EAFDD874C904428D5316619F7006
:10E220002004A9153227BB364CCEC5DF5EEDD7FCE6
:10E230006888E1997AABF3BA85520C4397711E60F6
:10E24000A1142805B3373A26CDDE44CFDFFD56ECC6
:10E25000E9986089FBBB72AA06638F7214409D51D6
:10E260002225AB343006B9174EEFC7FE5CCCD5DDA6
:10E270006AA9E3B8788AF19B87730E6295501C41B6
:10E28000A3352A24B1163807CFFF46EEDDDC54CD86
:10E29000EBB962A8F99A708B088481951AA793B696
:10E2A0002CC2A5D33EE1B7F04008C919522BDB3A86
:10E2B000644EED5F766DFF7C899400859BB712A656
:10E2C000ADD224C3BFF136E0C1184809D33B5A2A66
:10E2D000E55E6C4FF77D7E6C0AA583B41886919736
:10E2E0002EE3A7F23CC0B5D14229CB38500AD91B46
:10E2F000666FEF7E744CFD5D8BB502A49996108716
:10E30000AFF326E2BDD034C1C3394A28D11A580B25
:10E31000E77F6E6EF55C7C4D0CC685D71EE597F4E5
:10E320002880A1913AA3B3B2444ACD5B5669DF7805
:10E33000600CE91D722FFB3E8DD604C79FF516E4D5
:10E34000A9902081BBB332A2C55A4C4BD7795E68E5
:10E35000E11C680DF33F7A2E0EE787F61CC495D5B5
:10E360002AA1A3B03882B193466BCF7A5448DD59C5
:10E37000622DEB3C700EF91F8FF706E69DD414C595
:10E38000ABB122A0B9923083C77B4E6AD5585C49A5
:10E39000E33D6A2CF11E780F000000000000000031
:10E3A00000000000000000003F40000000000000EE
:10E3B00000003000400030004000000009000BC0A9
:10E3C0003D000BC03D00090018C024407FE0224002
:10E3D00031800000180024C01B000D8032400180F5
:10E3E00003801C4027401C80074000401000600054
:10E3F00000000000000000000000000000001F807E
:10E40000204040200000402020401F8000000000ED
:10E41000090006001F800600090000000400040037
:10E420003F800400040000000010006000000000B5
:10E4300000000000040004000400040004000000C8
:10E44000000000400000000000000000002001C0AB
:10E4500006003800400000001F802040204020407F
:10E460001F800000000010403FC00040000000007E
:10E4700018C0214022402440184000001080204055
:10E48000244024401B80000002000D0011003FC00A
:10E49000014000003C8024402440244023800000B0
:10E4A0001F802440244034400380000030002000BE
:10E4B00027C03800200000001B8024402440244056
:10E4C0001B8000001C0022C0224022401F80000050
:10E4D00000000000084000000000000000000000F4
:10E4E0000460000000000000000004000A001100A9
:10E4F00020804040090009000900090009000000CF
:10E5000000004040208011000A0004001800200094
:10E5100023402400180000001F802040274029408D
:10E520001F400000004007C039000F0001C000403C
:10E5300020403FC0244024401B8000001F8020401A
:10E54000204020403080000020403FC0204020403C
:10E550001F80000020403FC024402E4030C00000FB
:10E5600020403FC024402E00300000000F001080EB
:10E57000204022403380020020403FC004000400BD
:10E580003FC02040204020403FC0204020400000AD
:10E590000060202020203FC02000200020403FC0FD
:10E5A00024400B0030C0204020403FC020400040AD
:10E5B000004000C03FC03C0003C03C003FC0000022
:10E5C00020403FC00C4023003FC020001F8020405F
:10E5D000204020401F80000020403FC024402400F5
:10E5E000180000001F802140214020E01FA00000F3
:10E5F00020403FC02440260019C0004018C02440DD
:10E600002440224031800000300020403FC02040A4
:10E610003000000020003F80004000403F8020008C
:10E6200020003E0001C0070038002000380007C06D
:10E630003C0007C038000000204039C0060039C047
:10E64000204000002000384007C038402000000073
:10E65000304021C02640384020C0000000000000AB
:10E660007FE0402040200000000070000C0003808C
:10E67000004000000000402040207FE0000000003B
:10E6800000002000400020000000000000100010EA
:10E6900000100010001000100000000040000000FA
:10E6A00000000000000002800540054003C000405B
:10E6B00020003FC0044004400380000000000380AD
:10E6C0000440044006400000000003800440244051
:10E6D0003FC00040000003800540054003400000AB
:10E6E000000004401FC0244024402000000002E03D
:10E6F000055005500650042020403FC0044004004F
:10E7000003C000400000044027C00040000000009B
:10E7100000100010041027E00000000020403FC05F
:10E720000140070004C00440204020403FC000409A
:10E730000040000007C0040007C0040003C0000040
:10E74000044007C00440040003C0004000000380F0
:10E750000440044003800000041007F0045004400B
:10E7600003800000000003800440045007F0001004
:10E77000044007C0024004000400000000000640FE
:10E780000540054004C00000000004001F80044054
:10E7900000400000040007800040044007C0004023
:10E7A0000400070004C0018006000400060001C048
:10E7B000070001C006000000044006C0010006C0BA
:10E7C000044000000410071004E00180060004006B
:10E7D0000000044005C006400440000000000000A6
:10E7E00004007BE040200000000000000000FFF07B
:10E7F00000000000000040207BE00400000000005A
:10E800004000800040002000200040000000000088
:10E8100000000000000000000000000000000000F8
:10E8200000001FCC000C00000000000000000800E9
:10E83000300060000800300060000000022003FC8F
:10E840001E20022003FC1E200220000000000E18E3
:10E8500011043FFF10840C78000000000F001084AA
:10E860000F3800C0077818840078000000780F8403
:10E8700010C411240E9800E4008400080800680009
:10E880007000000000000000000000000000000018
:10E89000000007E0181820044002000000004002B9
:10E8A0002004181807E000000000000002400240A9
:10E8B00001800FF0018002400240000000800080D3
:10E8C00000800FF800800080008000000001000D33
:10E8D000000E0000000000000000000000000080AA
:10E8E0000080008000800080008000800000000C1C
:10E8F000000C000000000000000000000000000606
:10E90000001800600180060018002000000007F0D9
:10E91000080810041004080807F0000000000804AC
:10E9200008041FFC000400040000000000000E0C9E
:10E9300010141024104411840E0C000000000C1858
:10E9400010041104110412880C700000000000E093
:10E950000320042408241FFC0024000000001F984A
:10E96000108411041104108810700000000007F0DA
:10E9700008881104110418880070000000001C00B1
:10E98000100010FC13001C001000000000000E38E6
:10E9900011441084108411440E3800000000070058
:10E9A000088C10441044088807F0000000000000A4
:10E9B0000000030C030C0000000000000000000039
:10E9C00000010106000000000000000000000080BF
:10E9D0000140022004100808100400000220022058
:10E9E0000220022002200220022000000000100469
:10E9F00008080410022001400080000000000E0002
:10EA00001200100C106C10800F00000003E00C18B6
:10EA100013E4142417C4082807D000000004003CA5
:10EA200003C41C40074000E4001C000410041FFC49
:10EA30001104110411040E880070000003E00C188A
:10EA400010041004100410081C10000010041FFC17
:10EA5000100410041004080807F0000010041FFC44
:10EA60001104110417C410040818000010041FFC3E
:10EA70001104110017C010000800000003E00C187A
:10EA80001004100410441C780040000010041FFC07
:10EA900010840080008010841FFC1004000010040B
:10EAA00010041FFC1004100400000000000300010B
:10EAB000100110011FFE10001000000010041FFCC8
:10EAC000110403801464181C1004000010041FFCBF
:10EAD0001004000400040004000C000010041FFCDB
:10EAE0001F0000FC1F001FFC1004000010041FFC8E
:10EAF0000C04030000E010181FFC100007F00808C9
:10EB0000100410041004080807F0000010041FFC93
:10EB100010841080108010800F00000007F008188B
:10EB200010241024101C080A07F2000010041FFC17
:10EB30001104110011C011300E0C000400000E1C55
:10EB400011041084108410441C38000018001000B8
:10EB500010041FFC100410001800000010001FF823
:10EB600010040004000410041FF8100010001E0020
:10EB700011E0001C007013801C0010001FC0103C2E
:10EB800000E01F0000E0103C1FC000001004180C43
:10EB9000163401C001C01634180C100410001C00FB
:10EBA000130400FC13041C00100000000804101CD7
:10EBB0001064108413041C041018000000000000EE
:10EBC00000007FFE400240024002000000003000D2
:10EBD0000C0003800060001C0003000000004002E5
:10EBE000400240027FFE0000000000000000000024
:10EBF0002000400040004000200000000001000113
:10EC000000010001000100010001000100004000BE
:10EC100040002000000000000000000000000098FC
:10EC2000012401440144014400FC000410001FFCC5
:10EC300000880104010400880070000000000070DA
:10EC40000088010401040104008800000000007035
:10EC500000880104010411081FFC0004000000F8F2
:10EC6000014401440144014400C8000000000104C3
:10EC700001040FFC1104110411001800000000D65B
:10EC800001290129012901C90106000010041FFC06
:10EC9000008401000100010400FC000400000104E4
:10ECA000190419FC00040004000000000000000327
:10ECB00000010101190119FE0000000010041FFCF1
:10ECC0000024004001B4010C010400000000100405
:10ECD00010041FFC0004000400000000010401FCFB
:10ECE0000104010001FC0104010000FC010401FC1D
:10ECF000008401000100010400FC0004000000F891
:10ED0000010401040104010400F80000010101FFF5
:10ED100000850104010400880070000000000070FC
:10ED2000008801040104010501FF00010104010440
:10ED300001FC00840104010001800000000000CCFF
:10ED40000124012401240124019800000000010095
:10ED5000010007F80104010400000000010001F8AF
:10ED6000000400040004010801FC0004010001800B
:10ED70000170000C001001600180010001F0010C25
:10ED8000003001C00030010C01F00100000001045E
:10ED9000018C00740170018C0104000001010181EB
:10EDA0000171000E00180160018001000000018463
:10EDB000010C013401440184010C0000000000003A
:10EDC0000000000001003EFC400240020000000084
:10EDD00000000000FFFF00000000000000004002F3
:10EDE00040023EFC01000000000000000000600046
:10EDF000800080004000400020002000506F7765B8
:10EE0000723A2000494D555F5961773A2045525278
:10EE10004F522000494D555F5961773A204F4B5F63
:10EE20005F5F20004F646F6D5F583A202B004F6486
:10EE30006F6D5F593A202B004F646F6D5F583A2019
:10EE40002D004F646F6D5F593A202D002E005F5FDB
:10EE50006378615F67756172645F61637175697220
:10EE6000652064657465637465642072656375729A
:10EE70007369766520696E697469616C697A617419
:10EE8000696F6E3A20646F20796F752068617665CE
:10EE900020612066756E6374696F6E2D6C6F63619F
:10EEA0006C20737461746963207661726961626C4D
:10EEB000652077686F736520696E697469616C6934
:10EEC0007A6174696F6E20646570656E6473206F1B
:10EED0006E20746861742066756E6374696F6E3F2E
:10EEE0000000000010EF00080000002018000000E3
:10EEF000EC01000828EF000818000020303C00005A
:10EF00000C020008118DFFFF158DFFFF00000000AF
:10EF1000CDCCCC3D0024F4000000A0400100000056
:08EF20001000000000000000D9
:040000050800018965
:00000001FF
